ontarget,offtarget
GAGTCCGAGCAGAAGAAGAAGGG,AAATCCAACCAGAAGAAGAAAGG
GAGTCCGAGCAGAAGAAGAAGGG,GAGTAAGAGAAGAAGAAGAAGGG
GAGTCCGAGCAGAAGAAGAAGGG,GAAGTAGAGCAGAAGAAGAAGCG
GAGTCCGAGCAGAAGAAGAAGGG,AGTTCCAAGCAGAGGAAGAAGGG
GGAATCCCTTCTGCAGCACCTGG,GTCTCCCCTTCTGCAGCACCAGG
GGAATCCCTTCTGCAGCACCTGG,GGCTTCCCTTCTGCAGCCCCAGG
GGAATCCCTTCTGCAGCACCTGG,GCTGTCCCTTCTGCAGCTCCAGG
GGAATCCCTTCTGCAGCACCTGG,AGTTCCCCATCTGCAGCACCAGG
GGAATCCCTTCTGCAGCACCTGG,GGGAGTCCATCTGCAGCACCAGG
GGAATCCCTTCTGCAGCACCTGG,ACACTCCCTTCTGCAGCACCATG
GGAATCCCTTCTGCAGCACCTGG,CCACTCCCTTCTGCAGCACCTGC
GGAATCCCTTCTGCAGCACCTGG,AATATTCCCTCTGCAGCACCAGG
GGAATCCCTTCTGCAGCACCTGG,ATTCCCCCTTCTGCAGCCCCTGG
GGAATCCCTTCTGCAGCACCTGG,AGGGTCCCTTCTGCAGCCCCTGG
GGAATCCCTTCTGCAGCACCTGG,TGAATCCTAACTGCAGCACCAGG
GGAATCCCTTCTGCAGCACCTGG,CACATCCCTTCTGCAGCTCCCAG
GGAATCCCTTCTGCAGCACCTGG,GGCTTCCCCACTGCAGCACCCGG
GGAATCCCTTCTGCAGCACCTGG,GGGAACCCTTCCGCAGCACCCAG
GGCCCAGACTGAGCACGTGATGG,GCGCCAGGCTGAGCACGTGGTGG
GGGTGGGGGGAGTTTGCTCCAGG,AAGTAAGGGAAGTTTGCTCCTGG
GGGTGGGGGGAGTTTGCTCCAGG,AGGAAGGAGGAGTTAGCTCCTGG
GGGTGGGGGGAGTTTGCTCCAGG,AGTTTGGGGGAGTTTGCCCCAGG
GGGTGGGGGGAGTTTGCTCCAGG,ACAACTGGGGAGTTTGCTCCTGG
GGGTGGGGGGAGTTTGCTCCAGG,GGAAAGGAGGAGCTTGCTCCAGG
GGGTGGGGGGAGTTTGCTCCAGG,GGGGGTGGGGACTTTGCTCCAGG
GGGTGGGGGGAGTTTGCTCCAGG,ATGTGTGGGGAATTTGCTCCAGG
GGGTGGGGGGAGTTTGCTCCAGG,GGGGGAGGGAAGTTTCCTCCAGG
GGGTGGGGGGAGTTTGCTCCAGG,TCCTGAGGGCAGTTTGCTCCAGG
GGGTGGGGGGAGTTTGCTCCAGG,AGGGTGGGGCCGTTTGCTCCCGG
GGAATCCCTTCTGCAGCACCTGG,CTCTGTCCTTCTGCAGCACCTGG
GGAATCCCTTCTGCAGCACCTGG,GGAATCCCTTCTACAGCATCCTG
GGAATCCCTTCTGCAGCACCTGG,CCCCTCCCTCCTGCAGCACCGGG
GGAATCCCTTCTGCAGCACCTGG,GGGAATCCCTCCCCAGCACCCGG
GGGTGGGGGGAGTTTGCTCCAGG,TGTAGAGGGAGTTTTGCTCCCGG
CTTGCCCCACAGGGCAGTAACGG,TTGCTCCCACAGGGCAGTAAACG
CTTGCCCCACAGGGCAGTAACGG,ATGGCCCCACAAGGCAGAAATGG
CTTGCCCCACAGGGCAGTAACGG,TGTGCCCCACAGAGCACTAAGGG
CTTGCCCCACAGGGCAGTAACGG,ATTGCCCCACGGGGCAGTGACGG
CTTGCCCCACAGGGCAGTAACGG,GCTACCCCACAGGGCATTAGGGG
CTTGCCCCACAGGGCAGTAACGG,GTTGCCCCTCAGGACAGTACAGG
CTTGCCCCACAGGGCAGTAACGG,ACAGCCCCACAGGGCATAAACGG
CTTGCCCCACAGGGCAGTAACGG,TCTGCCCCACAGGCCAGGAAGGG
CTTGCCCCACAGGGCAGTAACGG,AGTGCCACACACAGCAGTAAGGG
CTTGCCCCACAGGGCAGTAACGG,GTTATCCCACAGGACAGTGAGGG
CTTGCCCCACAGGGCAGTAACGG,AGTGGCCCCCAGGGCAGTGAGGG
CTTGCCCCACAGGGCAGTAACGG,TCTACCCCACATGGCAGTAATGG
CTTGCCCCACAGGGCAGTAACGG,GAAGCCCTACAGGGCAGCAATGG
CTTGCCCCACAGGGCAGTAACGG,GTTACCTCACAGAGCAGAAAGGG
CTTGCCCCACAGGGCAGTAACGG,CAAGCCCCACAGGGCAGACAGGG
CTTGCCCCACAGGGCAGTAACGG,CTGCCCCTCAGGGACAGTATGGG
CTTGCCCCACAGGGCAGTAACGG,CATACCCCACAGGTCAGTAAGGA
CTTGCCCCACAGGGCAGTAACGG,GGTCCCCACAGGGTCAGTAAGGG
CTTGCCCCACAGGGCAGTAACGG,CAGGCCCCACAGGACAGGAAGGG
CTTGCCCCACAGGGCAGTAACGG,ATTGCCCCCCAGGTCAGTAGGGG
CTTGCCCCACAGGGCAGTAACGG,GTTACCACACAGAGCAGTTAAGG
CTTGCCCCACAGGGCAGTAACGG,GGAGCCCCACAGGGCAGAGAGGG
CTTGCCCCACAGGGCAGTAACGG,TTTGCCCCTCAGGGCAGCTAAGG
CTTGCCCCACAGGGCAGTAACGG,GCAGCCCCACAGGTCAGTGAGGG
CTTGCCCCACAGGGCAGTAACGG,ATAGCCCCACAGGGCAGGTTAGG
CTTGCCCCACAGGGCAGTAACGG,GATGCCTCACAGGACAGGAAGGG
CTTGCCCCACAGGGCAGTAACGG,CCAGCCCCACCGGGCAGTAGATG
CTTGCCCCACAGGGCAGTAACGG,AAGGCCCCGCAGGGCAGTTTGGG
CTTGCCCCACAGGGCAGTAACGG,ACAGCCCCACAGGGCACTAGAGG
CTTGCCCCACAGGGCAGTAACGG,CCTGCCCCACAGGGCAATTATGG
CTTGCCCCACAGGGCAGTAACGG,TCAGCCCCACAGGTCAGCAATGG
CTTGCCCCACAGGGCAGTAACGG,AGTGCCCCACAGGGGAGAAATGG
GAGTCCGAGCAGAAGAAGAAGGG,GAGCCTGAGCGGAAGAGGAAAGG
GAGTCCGAGCAGAAGAAGAAGGG,GAGACTGAGAAGAAGAAGAAAGG
GGAATCCCTTCTGCAGCACCTGG,ATCCTTTCTTCTGCAGCACCTGG
GGAATCCCTTCTGCAGCACCTGG,CCTGCTGCTTCTGCAGCACCTGG
GGAATCCCTTCTGCAGCACCTGG,GGGTCCGCTTCTGCAGCACCTGG
CTTGCCCCACAGGGCAGTAACGG,GTGTCCCCACAGGGCAGGAAAGG
GAACACAAAGCATAGACTGCGGG,TAAACACTAACATAGACTGCAGG
GTCATCTTAGTCATTACCTGAGG,CGTGCATTAGTCATTACCTGAGG
GGAATCCCTTCTGCAGCACCNGG,GGAGTCCCTCCTACAGCACCAGG
GGAATCCCTTCTGCAGCACCNGG,TGAATCCCATCTCCAGCACCAGG
GGAATCCCTTCTGCAGCACCNGG,CTCATCCCTTCTGCAGCCCCAGG
GGAATCCCTTCTGCAGCACCNGG,GGAGTCCCTCCTGCAGCACCTGA
GGAATCCCTTCTGCAGCACCNGG,GGAACCCCGTCTGCAGCACCAGG
GGAATCCCTTCTGCAGCACCNGG,ACCATCCCTCCTGCAGCACCAGG
GGAATCCCTTCTGCAGCACCNGG,GGAACACCTTCTGCAGCTCCAGG
GGAATCCCTTCTGCAGCACCNGG,AAAATCCCTTCCGCAGCACCTAG
GGAATCCCTTCTGCAGCACCNGG,GGAATATCTTCTGCAGCCCCAGG
GGAATCCCTTCTGCAGCACCNGG,ATCATCCCTTCTGCAACCCCAGG
GGAATCCCTTCTGCAGCACCNGG,AAAATACCTTCTGCAGTACCAGG
GGAATCCCTTCTGCAGCACCNGG,AAAATCCATTCTGCAGCACAAGG
GGAATCCCTTCTGCAGCACCNGG,AGTATCCATTCTGCAGCACATGG
GGAATCCCTTCTGCAGCACCNGG,TCTGTCCCTCCTGCAGCACCTGG
GGAATCCCTTCTGCAGCACCNGG,CTCCTCCCTCCTGCAGCACCTGG
GGAATCCCTTCTGCAGCACCNGG,GAATCCCAGACTGCAGCACCAGG
GGAATCCCTTCTGCAGCACCNGG,AGAGGCCCCTCTGCAGCACCAGG
GGAATCCCTTCTGCAGCACCNGG,CAAATCCCTTCTGCAGCCCTAGG
GGAATCCCTTCTGCAGCACCNGG,GGACTCCCCTCTGCAGCAGCTGG
GGAATCCCTTCTGCAGCACCNGG,TGCATACCCTCTGCAGCACCAGG
GGAATCCCTTCTGCAGCACCNGG,AGAACCCCCTCCGCAGGACCTGG
GGGTGGGGGGAGTTTGCTCCNGG,GGATGGAGGGAGTTTGCTCCTGG
GGGTGGGGGGAGTTTGCTCCNGG,CGGGGGAGGGAGTTTGCTCCTGG
GGGTGGGGGGAGTTTGCTCCNGG,TAGTGGAGGGAGCTTGCTCCTGG
GGGTGGGGGGAGTTTGCTCCNGG,AGGGAGGAGGAATTTGCTCCAGG
GGGTGGGGGGAGTTTGCTCCNGG,GGAGTGGGTGAGCTTGCTCCTGG
GGGTGGGGGGAGTTTGCTCCNGG,GAGGGGGAGCAGTTTGCTCCAGG
GGGTGGGGGGAGTTTGCTCCNGG,CTGGTGGGGGAGCTTGCTCCAGG
GGGTGGGGGGAGTTTGCTCCNGG,GGGGGCAGGGAGATTGCTCCTGG
GGGTGGGGGGAGTTTGCTCCNGG,AGGAGGGGGAAGAATGCTCCAGG
GGGTGGGGGGAGTTTGCTCCNGG,GGGTGAAAGAAGTTTACTCCTGG
GGGTGGGGGGAGTTTGCTCCNGG,AGGGAGGGAGAATTTGCTCCTGG
GGGTGGGGGGAGTTTGCTCCNGG,GGGGAGGGGAAGTTTGCTCCTGG
GGGTGGGGGGAGTTTGCTCCNGG,GGCTGGAGGGGATTTGCTCCTGG
GGGTGGGGGGAGTTTGCTCCNGG,TGGGGAGGGGAAATTGCTCCTGG
GGGTGGGGGGAGTTTGCTCCNGG,GCGTGGGGGGTGTTTGCTCCCGG
GGGTGGGGGGAGTTTGCTCCNGG,AGGCAGAGGGAGATTGCTCCAGG
GGGTGGGGGGAGTTTGCTCCNGG,AGTGGGGGAGAGTATGCTCCGGG
GGGTGGGGGGAGTTTGCTCCNGG,GGTGGGGGAGAGCTAGCTCCGGG
GGGTGGGGGGAGTTTGCTCCNGG,CTCTGAGGGGAGTTTGCTCTGGG
GGGTGGGGGGAGTTTGCTCCNGG,GGGAGGAGAGAGTTTGCTCTCTG
GGGTGGGGGGAGTTTGCTCCNGG,GAGGGTGGGGAGTTTACTCCTGG
GGGTGGGGGGAGTTTGCTCCNGG,CCCGGGGGGAAGCTTGCTCCAGG
GGGTGGGGGGAGTTTGCTCCNGG,TGGGGAGGGGAGAAAGCTCCTGG
GGGTGGGGGGAGTTTGCTCCNGG,TTGGGGGGGCAGTTTGCTCCTGG
GGGTGGGGGGAGTTTGCTCCNGG,AGGTGGTGGGAGCTTGTTCCTGG
GGGTGGGGGGAGTTTGCTCCNGG,GGGAGCAGGGAATTTGCTCCAGG
GGGTGGGGGGAGTTTGCTCCNGG,GGGGGTGGGGAGCATGCTCCAGG
GGGTGGGGGGAGTTTGCTCCNGG,GGGAGGGTGGAGTTTGCTCCTGG
GGGTGGGGGGAGTTTGCTCCNGG,AGAAGAGGGGATTTTGCTCCTGG
GGGTGGGGGGAGTTTGCTCCNGG,GTGCAGGGGGAATTTGCTTCCGG
GGGTGGGGGGAGTTTGCTCCNGG,GGAGGGGGGGCTTTTGCTCCAGG
GGGTGGGGGGAGTTTGCTCCNGG,GGTGGAGGGGACATTGCTCCAGG
GGGTGGGGGGAGTTTGCTCCNGG,AGGGGAGGGAACATTGCTCCAGG
GGGTGGGGGGAGTTTGCTCCNGG,AAGGAGGCGGAGCTTGCTCCTGG
GGGTGGGGGGAGTTTGCTCCNGG,GTGTGGGTGGCGTTTGCTCCAGG
GGGTGGGGGGAGTTTGCTCCNGG,AGGAGGGAGGAAGTTGCTCCAGG
GGGTGGGGGGAGTTTGCTCCNGG,TGCTCGGGGGAGTTTGCACCAGG
GGGTGGGGGGAGTTTGCTCCNGG,GGATGGAGGTAGTTTGTTCCTGG
GGGTGGGGGGAGTTTGCTCCNGG,GAGATGGGGGAGTATGCACCAGG
GGGTGGGGGGAGTTTGCTCCNGG,AAGTGGGAAGTGTTTGCTCCTGG
GGGTGGGGGGAGTTTGCTCCNGG,GGGAGGGAAGAGTTCGCTCCAGG
GGGTGGGGGGAGTTTGCTCCNGG,GAGGGGCAGGAATTTGCTCCAGG
GGGTGGGGGGAGTTTGCTCCNGG,CTGGGAGGGGAGCTTGTTCCTGG
GGGTGGGGGGAGTTTGCTCCNGG,GGGCAAGGGGAGGTTGCTCCTGG
GGGTGGGGGGAGTTTGCTCCNGG,TCGTGGTGGGAATTTACTCCTGG
GGGTGGGGGGAGTTTGCTCCNGG,GGTGGGGGTGGGTTTGCTCCTGG
GGGTGGGGGGAGTTTGCTCCNGG,AAGGAGGGTGAGCTTGCTCCAGG
GGGTGGGGGGAGTTTGCTCCNGG,GTGGGGGTAGAGTTTGCTCCAGG
GGGTGGGGGGAGTTTGCTCCNGG,AAGTGGGAAGAGTTTGTTCCAGG
GGGTGGGGGGAGTTTGCTCCNGG,TCTTGGGGGGAAGTTGCTCCAGG
GGGTGGGGGGAGTTTGCTCCNGG,GGAGGGGAGGGCTTTGCTCCAGG
GGGTGGGGGGAGTTTGCTCCNGG,GGGAGGAGGGAATCTGCTCCAGG
GGGTGGGGGGAGTTTGCTCCNGG,GGAGAGGAGGAGTTAACTCCAGG
GGGTGGGGGGAGTTTGCTCCNGG,GGTTGGTGGAAGTTAGCTCCTGG
GGGTGGGGGGAGTTTGCTCCNGG,TGGAGAGGGGAGTTGGCTCCTGG
GGGTGGGGGGAGTTTGCTCCNGG,GTGGGAGGATAGCTTGCTCCTGG
GGGTGGGGGGAGTTTGCTCCNGG,ACGTGAGGTCAGTTTGCTCCTGG
GGGTGGGGGGAGTTTGCTCCNGG,AGGGTGGAGGAGCATGCTCCAGG
GGGTGGGGGGAGTTTGCTCCNGG,GGAGGAGGGGAGTCTGCTCCAGG
GGGTGGGGGGAGTTTGCTCCNGG,ATGAAGGGGAATTTTGCTCCAGG
GGGTGGGGGGAGTTTGCTCCNGG,GAGCAGGAGAAGCTTGCTCCGGG
GGGTGGGGGGAGTTTGCTCCNGG,AGGGGTAGGGAGATTGCTCCTGG
GGGTGGGGGGAGTTTGCTCCNGG,GGGAGTGAGGACTTTGCTCCTGG
GGGTGGGGGGAGTTTGCTCCNGG,TTTGGGGGGGATCTTGCTCCTGG
GGGTGGGGGGAGTTTGCTCCNGG,AGCTGGAGGGAGTTTGCCCCAGG
GGGTGGGGGGAGTTTGCTCCNGG,GGGGTGGGAGAGTTTGCTCTCTG
GGGTGGGGGGAGTTTGCTCCNGG,CAGTGGGGGGAGCTTTCTCCTGG
GGGTGGGGGGAGTTTGCTCCNGG,GAATGAGGGAAGAATGCTCCTGG
GGGTGGGGGGAGTTTGCTCCNGG,GGAAAGGAGGAGCTTGCTCCGAG
GGGTGGGGGGAGTTTGCTCCNGG,GGTTGAGGGGAGTCTGCTCCAGG
GGGTGGGGGGAGTTTGCTCCNGG,GAAACGGGGGAGTTTGCTCAGGG
GGGTGGGGGGAGTTTGCTCCNGG,AGGCAGGAAGAGTTTGCTCAGGG
GGGTGGGGGGAGTTTGCTCCNGG,GGGTGGGGGGAGTTTGCCCCAGG
GGGTGGGGGGAGTTTGCTCCNGG,AGTGCAGGGGAGCTTGCTCCTGG
GGGTGGGGGGAGTTTGCTCCNGG,GAGAGGAGGCAGTTTGCCCCAGG
GGGTGGGGGGAGTTTGCTCCNGG,GGGTAAGGAAAGGTTGCTCCAGG
GGGTGGGGGGAGTTTGCTCCNGG,TTGTGGAGAAAGTTTGCTCCTGG
GGGTGGGGGGAGTTTGCTCCNGG,GCTCTGGGGTAGTTTGCTCCAGG
GGGTGGGGGGAGTTTGCTCCNGG,GGGAGGGGAGAGTTTGTTCCAGG
GGGTGGGGGGAGTTTGCTCCNGG,GGTGGGGACCAGTTTGCTCCAGG
GGGTGGGGGGAGTTTGCTCCNGG,GAAGGGAGGAGGTTTGCTCCTGG
GGGTGGGGGGAGTTTGCTCCNGG,AGAGGGGGAGAGTTTGCCCCTGG
GGGTGGGGGGAGTTTGCTCCNGG,GAAGGGGAAGAATTTGCTCCAGG
GGGTGGGGGGAGTTTGCTCCNGG,GACTGGGGGGAGTTTGCTTCCTG
GGGTGGGGGGAGTTTGCTCCNGG,CAGTGGAAGGAGATTACTCCAGG
GGGTGGGGGGAGTTTGCTCCNGG,CTCTGAGGGCAATTTGCTCCCGG
GGGTGGGGGGAGTTTGCTCCNGG,GGCCAGAGGGAGTTTGCTCAGGG
GGGTGGGGGGAGTTTGCTCCNGG,GGAGTCAGGGAATTTGCTCCTGG
GGGTGGGGGGAGTTTGCTCCNGG,AGATAGGGGTAGTTTGCTACAGG
GGGTGGGGGGAGTTTGCTCCNGG,GGAGGGAGGAAGTTTTCTCCTGG
GGGTGGGGGGAGTTTGCTCCNGG,GCATGCAGGGAGTTTACTCCAGG
GGGTGGGGGGAGTTTGCTCCNGG,ACATGCAGGGAGCTTGCTCCGGG
GGGTGGGGGGAGTTTGCTCCNGG,GGAGGTGGAAAGTTTGCTCCAGG
GGGTGGGGGGAGTTTGCTCCNGG,TCATGGGGGTAGTTTTCTCCAGG
GGGTGGGGGGAGTTTGCTCCNGG,TTGTAAAGGCAGTTTGCTCCAGG
GGGTGGGGGGAGTTTGCTCCNGG,TCTTTGGGAGAGTTTGCTCCAGG
GGGTGGGGGGAGTTTGCTCCNGG,GGATGGGAGGAGTATTCTCCAGG
GGGTGGGGGGAGTTTGCTCCNGG,AGGAAGTGGGACTTTGCTCCAGG
GGCACTGCGGCTGGAGGTGGNGG,GGCTCTGCGGCTGGAGGGGGTGG
GGCACTGCGGCTGGAGGTGGNGG,TGCACTGCGGCCGGAGGAGGTGG
GGCACTGCGGCTGGAGGTGGNGG,GGCACTGAGACTGGGGGTGGGGG
GGCACTGCGGCTGGAGGTGGNGG,AGGACTGCGGCTGGGGGTGGTGG
GGCACTGCGGCTGGAGGTGGNGG,GGCACTGCTGCTAGAGGTGCAGG
GGCACTGCGGCTGGAGGTGGNGG,GGCACTGCTGCTGGGGGTGGTGG
GGCACTGCGGCTGGAGGTGGNGG,GCCACTGCAGCTAGAGGTGGAGG
GGCACTGCGGCTGGAGGTGGNGG,GGCAATGTGGCTGAAGGTGGGGG
GGCACTGCGGCTGGAGGTGGNGG,AGCACTGTGGCTGGGGGAGGGGG
GGCACTGCGGCTGGAGGTGGNGG,GCCACTGGGGCTGGGGGTGGGGG
GGCACTGCGGCTGGAGGTGGNGG,CACACTGCAGCTGGAGGTGGTGG
GGCACTGCGGCTGGAGGTGGNGG,GGCACAGCAGCTGGAGGTGCTGG
GGCACTGCGGCTGGAGGTGGNGG,GTAACTGCGGCTGGCGGTGGTGG
GGCACTGCGGCTGGAGGTGGNGG,GGCACTGTGGCTGCAGGTGGAGG
GGCACTGCGGCTGGAGGTGGNGG,GGCTGTGCGGCCAGAGGTGGAGG
GGCACTGCGGCTGGAGGTGGNGG,AGCACTGCAGCTGGGAGTGGAGG
GGCACTGCGGCTGGAGGTGGNGG,AGCACTGTGGCTGGGGGAGGCGG
GGCACTGCGGCTGGAGGTGGNGG,GACACTGAGGCAGGAGGTGGGGG
GGCACTGCGGCTGGAGGTGGNGG,AGCAGTGCGGCTAGAGGTGGTGG
GGCACTGCGGCTGGAGGTGGNGG,TGCACTGTGGCTGGAGATGGGGG
GGCACTGCGGCTGGAGGTGGNGG,GGCATCACGGCTGGAGGTGGAGG
GGCACTGCGGCTGGAGGTGGNGG,CAGACTGCGGCAGGGGGTGGCGG
GGCACTGCGGCTGGAGGTGGNGG,GACACCACGGCTGGAGATGGTGG
GGCACTGCGGCTGGAGGTGGNGG,GTCACTGCAGCTGGAGGAGGGGG
GGCACTGCGGCTGGAGGTGGNGG,GGCACTGCGGGTGGAGGCGGGGG
GGCACTGCGGCTGGAGGTGGNGG,GGCGCTGCGGCGGGAGGTGGAGG
GGCACTGCGGCTGGAGGTGGNGG,GGCACTGAGGGTGGAGGTGGGGG
GGCACTGCGGCTGGAGGTGGNGG,GGCTCCGCAGCTGGAGGTGGGGG
GGCACTGCGGCTGGAGGTGGNGG,GGTACAGCGGCTGGGGGAGGCGG
GGCACTGCGGCTGGAGGTGGNGG,GAGGCTGCGGCTGGGGGTGGAGG
GGCACTGCGGCTGGAGGTGGNGG,GGCACTGCCACTGGGGGTGAGGG
GGCACTGCGGCTGGAGGTGGNGG,GGCACTGGGGCTGGGGGAGGGGG
GGCACTGCGGCTGGAGGTGGNGG,AGCACCATGGCTAGAGGTGTGGG
GGCACTGCGGCTGGAGGTGGNGG,GGCCCTGCGGCTGGAGATATGGG
GGCACTGCGGCTGGAGGTGGNGG,AGCACTGCAGATGGAGGAGGCGG
GGCACTGCGGCTGGAGGTGGNGG,GGCACTGGGGCAGGAGATGGGGG
GGCACTGCGGCTGGAGGTGGNGG,GTCACTGCGGCTGCAGATGGCGG
GGCACTGCGGCTGGAGGTGGNGG,GGCACAGCAGGTGGAGGTGGAGG
GGCACTGCGGCTGGAGGTGGNGG,GGCACAATGGCTGGAGGTGAAGG
GGCACTGCGGCTGGAGGTGGNGG,GGCACGACGGCTGGAGGTGGGGG
GGCACTGCGGCTGGAGGTGGNGG,AGCACTGTAGCAAGAGGTGGAGG
GGCACTGCGGCTGGAGGTGGNGG,GGCACTGGGGTTGGAGGTGGGGG
GGCACTGCGGCTGGAGGTGGNGG,GGCACTGCAGACGGAGGTGTGGG
GGCACTGCGGCTGGAGGTGGNGG,GGCTCTTCGGCTGGAGGTAGCGG
GGCACTGCGGCTGGAGGTGGNGG,GGGGCTGCGGCCGGAGGTGGTGG
GGCACTGCGGCTGGAGGTGGNGG,GGCAATGCGGCTGGAGGCGGAGG
GGCACTGCGGCTGGAGGTGGNGG,TGGACTGCGGCTGGAGAGGGAGG
GGCACTGCGGCTGGAGGTGGNGG,GGCACTGGGGCTGGAGACGGGGG
GGCACTGCGGCTGGAGGTGGNGG,GGCGCTGCGGCTGGAGCCGGCGG
GGCACTGCGGCTGGAGGTGGNGG,AGCACTGTGCCTGGGGGTGGGGG
GGCACTGCGGCTGGAGGTGGNGG,GCCACTGCGACTGGAGGAGGGGG
GGCACTGCGGCTGGAGGTGGNGG,GGCTCTGTGGCTGGAGGAGGTGG
GGCACTGCGGCTGGAGGTGGNGG,CCCACTGGGGCTGGAGGTGGGGG
GGCACTGCGGCTGGAGGTGGNGG,GGCACTGTGGCAAGAGGTGGGAG
GGCACTGCGGCTGGAGGTGGNGG,GGAACGGCGGCCGGAGGTGTAGG
GGCACTGCGGCTGGAGGTGGNGG,AGCACTGGGGCCAGAGGTGAGGG
GGCACTGCGGCTGGAGGTGGNGG,GGCACCGCGGCCGGAGCTGTGGG
GGCACTGCGGCTGGAGGTGGNGG,GGCACTGGGGCTGGGGCTGGCGG
GGCACTGCGGCTGGAGGTGGNGG,GGCACTGAGGCTGCAGGCGGCGG
GGCACTGCGGCTGGAGGTGGNGG,GGCACTGAATCTGGAGGTGGGGG
GGCACTGCGGCTGGAGGTGGNGG,GGCAGTGAGGCTGGGGGTGGGGG
GGCACTGCGGCTGGAGGTGGNGG,GGCTCTGCGGGAGGGGGTGGGGG
GGCACTGCGGCTGGAGGTGGNGG,GGCACCGAGGCCGGAGGTGCTGG
GGCACTGCGGCTGGAGGTGGNGG,GGGGCAGCGGCTGGCGGTGGCGG
GGCACTGCGGCTGGAGGTGGNGG,TGCACAAGGGCAGGAGGTGGGGG
GGCACTGCGGCTGGAGGTGGNGG,GGGACTGCTACAGGAGGTGGGGG
GAGTCCGAGCAGAAGAAGAANGG,GAGTCCTAGCAGGAGAAGAAGAG
GAGTCCGAGCAGAAGAAGAANGG,GAGGCCGAGCAGAAGAAAGACGG
GAGTCCGAGCAGAAGAAGAANGG,GAATCCAAGCAGGAGAAGAAGGA
GAGTCCGAGCAGAAGAAGAANGG,TCATCCAAGCAGAAGAAGAAGAG
GAGTCCGAGCAGAAGAAGAANGG,GAGTCTAAGCAGGAGAATAAAGG
GAGTCCGAGCAGAAGAAGAANGG,AAGTCCGAGGAGAGGAAGAAAGG
GAGTCCGAGCAGAAGAAGAANGG,GAGTTAGAGCAGAAGAAGAAAGG
GAGTCCGAGCAGAAGAAGAANGG,GAGTCTAAGCAGAAGAAGAAGAG
GAGTCCGAGCAGAAGAAGAANGG,AAGTCCCGGCAGAGGAAGAAGGG
GAGTCCGAGCAGAAGAAGAANGG,GAGCACGAGCAAGAGAAGAAGGG
GAGTCCGAGCAGAAGAAGAANGG,AAGTCTGAGCACAAGAAGAATGG
GAGTCCGAGCAGAAGAAGAANGG,GAGCCGGAGCAGAAGAAGGAGGG
GAGTCCGAGCAGAAGAAGAANGG,ACGTCTGAGCAGAAGAAGAATGG
GAGTCCGAGCAGAAGAAGAANGG,GAGTCCGGGAAGGAGAAGAAAGG
GAGTCCGAGCAGAAGAAGAANGG,GAGTAGGAGCAGGAGAAGAAGGA
GGAATCCCTTCTGCAGCACCNGG,GGATTGCCATCCGCAGCACCTGG
GGGAAAGACCCAGCATCCGTNGG,CAAGAAGACCCAGCTTCCGTAGG
GGGAAAGACCCAGCATCCGTNGG,GGGAAAAGCCCAGCATCCCTTGG
GGGAAAGACCCAGCATCCGTNGG,GGAAAAGACCAAGCATCAGTGGG
GGGAAAGACCCAGCATCCGTNGG,GGGAAAGTCCCAGCATCCTTTGG
GGGAAAGACCCAGCATCCGTNGG,GGGAAGGACCCAGCATCCTGGGG
GGGAAAGACCCAGCATCCGTNGG,GAGAAAAGCCCAGCATCCTTAGG
GGGAAAGACCCAGCATCCGTNGG,GGGAAATACCCAGCATCCAATGG
GGGAAAGACCCAGCATCCGTNGG,ATGAAAGACCCAGCATCCATTGA
GGGAAAGACCCAGCATCCGTNGG,GGGAAGGACCCAGCATTCCTGGG
GAACACAAAGCATAGACTGCNGG,GAACACAATGCATAGATTGCCGG
GGCCCAGACTGAGCACGTGANGG,GAGCCAGAATGAGCACGTGAGGG
GGCCCAGACTGAGCACGTGANGG,AGACCAGACTGAGCAAGAGAGGG
GGCCCAGACTGAGCACGTGANGG,CACCCAGACTGAGCACGTGCTGG
GGCCCAGACTGAGCACGTGANGG,AGCTCAGACTGAGCAAGTGAGGG
GGCACTGCGGCTGGAGGTGGNGG,TGCTCTGCGGCAGGAGGAGGAGG
GGCACTGCGGCTGGAGGTGGNGG,TGCACCGCGGCTGGGGCTGGAGG
GGCACTGCGGCTGGAGGTGGNGG,AGCACTGCGCTTGGGGGTGGGGG
GGCACTGCGGCTGGAGGTGGNGG,AGCACAGCGACTGAAGGTGAGGG
GGCACTGCGGCTGGAGGTGGNGG,AGCACTGGGGATGGAGGTGTAGG
GGCACTGCGGCTGGAGGTGGNGG,GACACAACGGCAGGAGGTGGCGG
GGCACTGCGGCTGGAGGTGGNGG,GACACTGCCTCTGGGGGTGGGGG
GGCACTGCGGCTGGAGGTGGNGG,GGCTCTGTGGCCGGAGGAGGCGG
GGCACTGCGGCTGGAGGTGGNGG,AACACTGTGGCCGGGGGTGGTGG
GGCACTGCGGCTGGAGGTGGNGG,GCCACAGCGGCCGGAGGTGGCAG
GGCACTGCGGCTGGAGGTGGNGG,GCCACTGTGGCTGGAGGTGGGGA
GGCACTGCGGCTGGAGGTGGNGG,AGCACAGCAGCTGCAGGTGGGGG
GGCACTGCGGCTGGAGGTGGNGG,GACACAGTGGCTGGAGGTGTGGG
GGCACTGCGGCTGGAGGTGGNGG,GCTGCTGCGGCTGGAGGTGGGGA
GGCACTGCGGCTGGAGGTGGNGG,GACACTGTGGCTGGAAGTGGAAG
GGCACTGCGGCTGGAGGTGGNGG,TGCACTGCAGCTGCAGGTGGAGG
GGCACTGCGGCTGGAGGTGGNGG,GCCACTGAGGCCGGAGGTGGAGA
GGCACTGCGGCTGGAGGTGGNGG,GGCACTGAGACCAGAGGTGGTGG
GGCACTGCGGCTGGAGGTGGNGG,TACACTGCGGCCGGGAGTGGTGG
GGCACTGCGGCTGGAGGTGGNGG,GGCACTGCAACTGGAAGTGATGG
GGCACTGCGGCTGGAGGTGGNGG,GGCACTTCGGTTGGGGGTGGGGG
GGCACTGCGGCTGGAGGTGGNGG,AGCACTGCAGCGGGAGGTGAGAG
GGCACTGCGGCTGGAGGTGGNGG,GGCACTGCAGCAGGGGATGGGGG
GGCACTGCGGCTGGAGGTGGNGG,GGCGCTGCGGCCGGAGGTGGGGC
GGCACTGCGGCTGGAGGTGGNGG,AGAACTGCTGCTGGAGGTGGTGG
GGCACTGCGGCTGGAGGTGGNGG,GCCACCGCGGCAGGAGGCGGAGG
GGCACTGCGGCTGGAGGTGGNGG,GGAACTGTGGCTGGAGGTGGCAG
GGCACTGCGGCTGGAGGTGGNGG,GACACTAAGGCTGGAGGTGGGGA
GGCACTGCGGCTGGAGGTGGNGG,AGCTCTGTGGCTGGAGGTGTGAG
GGCACTGCGGCTGGAGGTGGNGG,GGGCATGCGGCTGGAAGTGGTGG
GGCACTGCGGCTGGAGGTGGNGG,GACACCGTGACTGGAGGTGGAGG
GGCACTGCGGCTGGAGGTGGNGG,AGCACTGTTACAGGAGGTGGGGG
GGCACTGCGGCTGGAGGTGGNGG,CCCACTGTGGCTGGAGGTGTGGG
GGCACTGCGGCTGGAGGTGGNGG,GGCACTCTGGCTGGAGCTGGGGG
GGCACTGCGGCTGGAGGTGGNGG,GGCACTGGGGCTGGGGGTGCAGG
GGCACTGCGGCTGGAGGTGGNGG,AGCACTGGGGCTGGGGGAGGGGG
GGCACTGCGGCTGGAGGTGGNGG,GGCCCTGGGGCTGGAGGTGTTGG
GGCACTGCGGCTGGAGGTGGNGG,GGGACTGCGGCTGGAGGTGGGAA
GGCACTGCGGCTGGAGGTGGNGG,GACACTAGGGCAGGAGGTGGAGG
GGCACTGCGGCTGGAGGTGGNGG,AGCACGGCAGCTGGAGGAGGGGG
GGCACTGCGGCTGGAGGTGGNGG,GGCACTGCGGGAGGAGGTGGGCG
GGCACTGCGGCTGGAGGTGGNGG,GGCAGTGCGGCTGGAGCTGCGGG
GGCACTGCGGCTGGAGGTGGNGG,AGCACCGCTGCTGGGGGCGGGGG
GGCACTGCGGCTGGAGGTGGNGG,GGCGCAGCGGCTGGAGGAGGTGC
GGCACTGCGGCTGGAGGTGGNGG,GACACTGCAGCTGGAGGTGGGGT
GGCACTGCGGCTGGAGGTGGNGG,GGCACTGGGTCTGAAGGTGGAGG
GGCACTGCGGCTGGAGGTGGNGG,GGCACTGAGGCCGGAGGAGGAAG
GGCACTGCGGCTGGAGGTGGNGG,GGCTCTGAGGCCAGAGGTGGTGG
GGCACTGCGGCTGGAGGTGGNGG,GGCAGGGCGGCTGGAGGAGGTGG
GGCACTGCGGCTGGAGGTGGNGG,GGCACCTTGGCTGAAGGTGGGGG
GGCACTGCGGCTGGAGGTGGNGG,GCCACTGGGGCTGGAGGGGGAGG
GGCACTGCGGCTGGAGGTGGNGG,GGCCCTGCGGCCGGGGGTGGAGA
GGCACTGCGGCTGGAGGTGGNGG,GGCACTGGGGCAGGAGTTGGGGG
GGCACTGCGGCTGGAGGTGGNGG,GGCACTGAGAAAGGAGGTGGAGG
GGCACTGCGGCTGGAGGTGGNGG,AGCACAGCGGCTGGAGAAGGCAG
GGCACTGCGGCTGGAGGTGGNGG,GGCACTGCAGCTGGCGGTGCTGG
GGCACTGCGGCTGGAGGTGGNGG,GGCACTGCGGCCAGAGGGAGCGG
GGCACTGCGGCTGGAGGTGGNGG,GGCACTGGGAATGGAGGTTGGGG
GGCACTGCGGCTGGAGGTGGNGG,GGCACAGGGGCTGAAGGTGATGG
GGCACTGCGGCTGGAGGTGGNGG,GGCACTACAGCTGGAGGTGGCAA
GGCACTGCGGCTGGAGGTGGNGG,GGTACTCTGGCTGGAGGTGGTGG
GGCACTGCGGCTGGAGGTGGNGG,GGCAGTCCGGATGGAGGTGGGGG
GGCACTGCGGCTGGAGGTGGNGG,GGCGCTGCGGCCCGAGGGGGTGG
GGCACTGCGGCTGGAGGTGGNGG,GCCACTGGGCCTGGGGGTGGGGG
GGCACTGCGGCTGGAGGTGGNGG,GGCACAGGGGCTGGAGGTGGGGC
GGCACTGCGGCTGGAGGTGGNGG,GGCACCAGGCCTGGAGGTGTGGG
GGCACTGCGGCTGGAGGTGGNGG,GGCACGGAGGCTGGAAGTGGGGG
GAACACAAAGCATAGACTGCNGG,AAACATAAAGCATAGACTGCAAA
GGGTGGGGGGAGTTTGCTCCNGG,GAGTGGGTGGAGTTTGCTACAGG
GACCCCCTCCACCCCGCCTCNGG,GGGCCCCTCCACCCCGCCTCTGG
GACCCCCTCCACCCCGCCTCNGG,CAGTCCCCCCACCCCACCTCTGG
GACCCCCTCCACCCCGCCTCNGG,ATTCCCCCCCACCCCGCCTCAGG
GACCCCCTCCACCCCGCCTCNGG,CGCCCACCCCACCCCACCTCAGG
GACCCCCTCCACCCCGCCTCNGG,GCTTCCCTCCACCCCGCATCCGG
GACCCCCTCCACCCCGCCTCNGG,CATTCCCCCCACCCCACCTCAGG
GACCCCCTCCACCCCGCCTCNGG,ACTCCCCTCCACCCCGGCTCGGG
GACCCCCTCCACCCCGCCTCNGG,CTCCCTCCCCACCCCACCTCTGG
GACCCCCTCCACCCCGCCTCNGG,GTACCCCACCACCCCGCCCCAGG
GACCCCCTCCACCCCGCCTCNGG,TGCCCCTCCCACCCCGCCTCTGG
GACCCCCTCCACCCCGCCTCNGG,TACTCCCCCCACCCAGCCTCAGG
GACCCCCTCCACCCCGCCTCNGG,AGCCCCCACCTCCCCGCCTCGGG
GACCCCCTCCACCCCGCCTCNGG,ACACCCCCCCACCCCGCCTCAGG
GACCCCCTCCACCCCGCCTCNGG,GTCCCCTCCCTCCCCGCCTCTGG
GACCCCCTCCACCCCGCCTCNGG,CTCACCCCCCACCCCACCTCTGG
GACCCCCTCCACCCCGCCTCNGG,GCCCCCCACCACCCCACCTCGGG
GACCCCCTCCACCCCGCCTCNGG,GACCCCACCTACCCCACCTCAGG
GACCCCCTCCACCCCGCCTCNGG,GGCCCACTCCACTCCGTCTCCGG
GACCCCCTCCACCCCGCCTCNGG,TTCCCCCCCAACCCCACCTCGGG
GACCCCCTCCACCCCGCCTCNGG,GTCCCCCTCCTCCCCACCTCCGG
GACCCCCTCCACCCCGCCTCNGG,CTACCCCTCCACCCCGCCTCCGG
GACCCCCTCCACCCCGCCTCNGG,CCGCCCCCCCACCCCAACTCCGG
GACCCCCTCCACCCCGCCTCNGG,CACCTCCACAACTCCGCCTCTGG
GACCCCCTCCACCCCGCCTCNGG,CACCCCCTCCCCTCCGCCTCAGG
GACCCCCTCCACCCCGCCTCNGG,AACCTCCACCTCCCCGCCTCAGG
GACCCCCTCCACCCCGCCTCNGG,TCCACCCCCCACCCCGCCCCGGG
GACCCCCTCCACCCCGCCTCNGG,CTTCCCCCACACCCCGCCCCAGG
GACCCCCTCCACCCCGCCTCNGG,GCCTCCCCCCACCCAGCCTCGGG
GACCCCCTCCACCCCGCCTCNGG,CCGCCCCTCCACCCCGCCACTGG
GACCCCCTCCACCCCGCCTCNGG,TCCCCCCTCCACCCCCGCCCCCG
GACCCCCTCCACCCCGCCTCNGG,GACCCCTCCCACCCCGACTCCGG
GACCCCCTCCACCCCGCCTCNGG,TTCCCCTTCCACCCAGCCTCTGG
GACCCCCTCCACCCCGCCTCNGG,TTCTCCCTCCTCCCCGCCTCGGG
GACCCCCTCCACCCCGCCTCNGG,TGGCCCCTCCGCCCCACCTCTGG
GACCCCCTCCACCCCGCCTCNGG,GGCCCTCTCCACTCCACCTCAGG
GACCCCCTCCACCCCGCCTCNGG,GACCCCTACCACCCCATCTCAGG
GACCCCCTCCACCCCGCCTCNGG,CCCCCCTCCCACCCCGCCTCTAG
GACCCCCTCCACCCCGCCTCNGG,CCCCCCCCCCCCCCCGCCTCCGG
GACCCCCTCCACCCCGCCTCNGG,GCCCCCCACCACCCCACCCCCGG
GACCCCCTCCACCCCGCCTCNGG,CCCCACCCCCACCCCGCCTCAGG
GACCCCCTCCACCCCGCCTCNGG,AGGCCCCCCCGCCCCGCCTCAGG
GACCCCCTCCACCCCGCCTCNGG,GCCCCCACCCACCCCGCCTCTGG
GACCCCCTCCACCCCGCCTCNGG,CCCCCCCTCCACCCCACTTCAGG
GACCCCCTCCACCCCGCCTCNGG,GCCCCCCCCAACCCCGCCCCCGG
GACCCCCTCCACCCCGCCTCNGG,CTCCCCCGCCACCCCGCCCCAGG
GACCCCCTCCACCCCGCCTCNGG,AACCCTCTCCACCCAGTCTCAGG
GACCCCCTCCACCCCGCCTCNGG,AAGACCCCCCACCCCGCCCCAGG
GACCCCCTCCACCCCGCCTCNGG,AGGCCCTCCCACCCCGCATCAGG
GACCCCCTCCACCCCGCCTCNGG,CACCCACTACTCCCCGCCTCAGG
GACCCCCTCCACCCCGCCTCNGG,CTACCCCCACTCCCCGCCTCCGG
GACCCCCTCCACCCCGCCTCNGG,CCCCCCCCTCACCCCGCCCCTGG
GACCCCCTCCACCCCGCCTCNGG,TGCCCCCCCCACCCCACCTCTGG
GACCCCCTCCACCCCGCCTCNGG,GCCACCCACCACCCCACCTCAGG
GACCCCCTCCACCCCGCCTCNGG,CAACCCCCCCACCCCGCTTCAGG
GACCCCCTCCACCCCGCCTCNGG,GACACCTTCCACCCCGTCTCTGG
GACCCCCTCCACCCCGCCTCNGG,TGCACCCCCCACCCCGCCCCTGG
GACCCCCTCCACCCCGCCTCNGG,CACCCCCCCCCCCCCACCTCCGG
GACCCCCTCCACCCCGCCTCNGG,TCCTCCTTCCACTCCGCCTCTGG
GACCCCCTCCACCCCGCCTCNGG,GACCCTGTCCACCCCACCTCAGG
GACCCCCTCCACCCCGCCTCNGG,CATACCCCCCACCCCGCCCCGGG
GACCCCCTCCACCCCGCCTCNGG,GTCCCCTCCCACCCCGCCTCCAG
GACCCCCTCCACCCCGCCTCNGG,GACACACCCCACCCCACCTCAGG
GACCCCCTCCACCCCGCCTCNGG,CCCCCACCCCACCCCGCCTCCAG
GACCCCCTCCACCCCGCCTCNGG,CCCCACCCCCACCCCGCCCCCGG
GACCCCCTCCACCCCGCCTCNGG,AGGCCCCCACACCCCGCCTCAGG
GACCCCCTCCACCCCGCCTCNGG,GCCACCCCCCACCCCACCCCAGG
GACCCCCTCCACCCCGCCTCNGG,CGCCCTCCCCACCCCGCCTCCGG
GACCCCCTCCACCCCGCCTCNGG,GCCGCCCCCCACTCCGCCTCCGG
GACCCCCTCCACCCCGCCTCNGG,CCGCCCCCCCATCCCGCCCCAGG
GACCCCCTCCACCCCGCCTCNGG,AGCCCCCCCCACCCCGACTCAGG
GACCCCCTCCACCCCGCCTCNGG,TCCCCACCCCGCCCCGCCTCTGG
GACCCCCTCCACCCCGCCTCNGG,ACCCCACCCCACCCCGTCTCCGG
GACCCCCTCCACCCCGCCTCNGG,CCTCCCCCACACCCCGCATCCGG
GACCCCCTCCACCCCGCCTCNGG,TTTCCCCCCCACCCCAACTCAGG
GACCCCCTCCACCCCGCCTCNGG,TCCCACCCCCACCCCGCCACGGG
GACCCCCTCCACCCCGCCTCNGG,ACTCCCCTCCACCCCACCTCTGA
GACCCCCTCCACCCCGCCTCNGG,CTCCCCCTACACCCCGCAACAGG
GACCCCCTCCACCCCGCCTCNGG,CACCCCCCGCACCCCGCCCCAGG
GACCCCCTCCACCCCGCCTCNGG,CACACCCACCACCCCGCCTCAGA
GACCCCCTCCACCCCGCCTCNGG,CTCCCCCTCCACCCCACCTCCAG
GACCCCCTCCACCCCGCCTCNGG,CCACCCCCCCACCCCGCCCCAGG
GACCCCCTCCACCCCGCCTCNGG,ATCCCCCTCCACCCCACCCCTGG
GACCCCCTCCACCCCGCCTCNGG,CCCCCCCACCACCCCGCCCCGGG
GACCCCCTCCACCCCGCCTCNGG,GTCCCTCCCCACCCCGCCTTGGG
GACCCCCTCCACCCCGCCTCNGG,TCCCCCCACCACCCCACCCCCGG
GACCCCCTCCACCCCGCCTCNGG,CCCCCTCCCCGCCCCGCCCCCGG
GACCCCCTCCACCCCGCCTCNGG,CTCCCCCCCCTCCCCGCCTCGGG
GACCCCCTCCACCCCGCCTCNGG,CCTGCCCCCCACCCCGCCCCAGG
GACCCCCTCCACCCCGCCTCNGG,CCCCCCCCCCACCCCGCCCCCGG
GACCCCCTCCACCCCGCCTCNGG,TATCCTCCCCACCCCGCCCCGGG
GACCCCCTCCACCCCGCCTCNGG,AACCCCACCCACCCCATCTCAGG
GACCCCCTCCACCCCGCCTCNGG,GTCACTCCCCACCCCGCCTCTGG
GACCCCCTCCACCCCGCCTCNGG,GACACACCCCCCCCCGCCTCCGG
GACCCCCTCCACCCCGCCTCNGG,GGCTCCCTCCGCCCCGCCCCGGG
GACCCCCTCCACCCCGCCTCNGG,TACCCCCCACACCCCGCCTCTGG
GACCCCCTCCACCCCGCCTCNGG,GAGCTCCCCCACCCCGCCCCGGG
GACCCCCTCCACCCCGCCTCNGG,CCCCCCCCCCCCCCCGCCTCAGG
GACCCCCTCCACCCCGCCTCNGG,AGTCCCATCCACCCCGCCTAAGG
GACCCCCTCCACCCCGCCTCNGG,CCACCCCCCCACCCCGCCCCTGG
GACCCCCTCCACCCCGCCTCNGG,CACCCCGCCCACCCCGCCCCTGG
GACCCCCTCCACCCCGCCTCNGG,GGCTCACCCCACCCCACCTCTGG
GACCCCCTCCACCCCGCCTCNGG,GACCCCTCACACCCCGCCCCTGG
GACCCCCTCCACCCCGCCTCNGG,ATCCCTCTCCACCCCACCCCAGG
GACCCCCTCCACCCCGCCTCNGG,TAGCCCCTCCACCCCACCACAGG
GACCCCCTCCACCCCGCCTCNGG,AACCACCCCCACCCCACCCCAGG
GACCCCCTCCACCCCGCCTCNGG,CCACCCCTCCACCCCGTCCCAGG
GACCCCCTCCACCCCGCCTCNGG,CCCCCCCCCCCCCCCGCCCCGGG
GACCCCCTCCACCCCGCCTCNGG,GGCCCCACCCACCCCGCCTTCTG
GACCCCCTCCACCCCGCCTCNGG,TCTCCCCTCCACCCCGCCCTCGG
GACCCCCTCCACCCCGCCTCNGG,CCGCCCCTGCACCCAGCCTCCGG
GACCCCCTCCACCCCGCCTCNGG,AGCCGCCCCCACCCCGCCCCCGG
GACCCCCTCCACCCCGCCTCNGG,CAGCCCCTCCACTCCACCCCCGG
GACCCCCTCCACCCCGCCTCNGG,CACCCCCCCCCCCCCGCCCCCGG
GACCCCCTCCACCCCGCCTCNGG,CCCCCCCCCCGCCCCGCCCCCCG
GACCCCCTCCACCCCGCCTCNGG,TGCCCCCTCCACCCCACCTCTGA
GACCCCCTCCACCCCGCCTCNGG,CCCCCTCCCCACCCCGCCGCAGG
GACCCCCTCCACCCCGCCTCNGG,GACCCCCCCCACCCCGCCCCCGG
GACCCCCTCCACCCCGCCTCNGG,AACCTCCCCCACCCCACCCCAGG
GACCCCCTCCACCCCGCCTCNGG,AACACCCTCCACCCCACCACAGG
GACCCCCTCCACCCCGCCTCNGG,CACTCCCCCCACCCCGCCCCAGG
GACCCCCTCCACCCCGCCTCNGG,TACCCCCCCCACCCCGCCACAGG
GACCCCCTCCACCCCGCCTCNGG,ACACCCCCCCACCCCACCCCAGG
GACCCCCTCCACCCCGCCTCNGG,GACCCCCCCCACCCCACCCCAGG
GACCCCCTCCACCCCGCCTCNGG,AGCCAACCCCACCCCGCCTCTGG
GACCCCCTCCACCCCGCCTCNGG,AAGCCCCCCCACCCCGCCCCGGG
GACCCCCTCCACCCCGCCTCNGG,GTCCTCCACCACCCCGCCTCTGG
GACCCCCTCCACCCCGCCTCNGG,CTGCCCCCCCACCCCGCCACTGG
GACCCCCTCCACCCCGCCTCNGG,ACCCCCCCCCCCCCCGCCCCCGG
GACCCCCTCCACCCCGCCTCNGG,CATCCCCCCCACCCCACCCCGGG
GACCCCCTCCACCCCGCCTCNGG,CCACCATCCCACCCCGCCTCTGG
GACCCCCTCCACCCCGCCTCNGG,AACACCCCCCACCCCACCCCGGG
GACCCCCTCCACCCCGCCTCNGG,AGCCCCCCCCTCCCCGCCCCAGG
GACCCCCTCCACCCCGCCTCNGG,GACCCCACCCACCCCGCCGCAGG
GACCCCCTCCACCCCGCCTCNGG,CGTCCCCCCCCCCCCGCCTCAGG
GACCCCCTCCACCCCGCCTCNGG,GGGCCCTCCCACCTCGCCCCTGG
GACCCCCTCCACCCCGCCTCNGG,AGTAGCCCCCACCCCGCCTCGGG
GACCCCCTCCACCCCGCCTCNGG,ATGCCCCACCCCCCCGCCCCCGG
GACCCCCTCCACCCCGCCTCNGG,GACCCCCTTCACCCCACCTATGG
GACCCCCTCCACCCCGCCTCNGG,TGCCCCCCCCACCCCGCCCCCGG
GACCCCCTCCACCCCGCCTCNGG,CTACCCCTCCACCCCGACTCGGA
GGTGAGTGAGTGTGTGCGTGNGG,AGCGAGTGGGTGTGTGCGTGGGG
GGTGAGTGAGTGTGTGCGTGNGG,AGTGAGTGAGTGTGTGTGTGGGG
GGTGAGTGAGTGTGTGCGTGNGG,TGTGAGTAAGTGTGTGTGTGTGG
GGTGAGTGAGTGTGTGCGTGNGG,GGTGTATGAGTGTGTGTGTGAGG
GGTGAGTGAGTGTGTGCGTGNGG,AGAGAGTGAGTGTGTGCATGAGG
GGTGAGTGAGTGTGTGCGTGNGG,AGTGTGTGAGTGTGTGCGTGTGG
GGTGAGTGAGTGTGTGCGTGNGG,ACTGTGTGAGTGTGTGCGTGAGG
GGTGAGTGAGTGTGTGCGTGNGG,TGTGGGTGAGCATGTGCGTGAGG
GGTGAGTGAGTGTGTGCGTGNGG,GGGGGGTGAGTGTGTGTGTGGGG
GGTGAGTGAGTGTGTGCGTGNGG,CTGGAGTGAGTGTGTGTGTGTGG
GGTGAGTGAGTGTGTGCGTGNGG,TGTGGGTGAGTGTGTGTGTGTGG
GGTGAGTGAGTGTGTGCGTGNGG,GTTGAGTGAATGTGTGCGTGAGG
GGTGAGTGAGTGTGTGCGTGNGG,AGTGAGAAAGTGTGTGCATGCGG
GGTGAGTGAGTGTGTGCGTGNGG,AGGGAGTGACTGTGTGCGTGTGG
GGTGAGTGAGTGTGTGCGTGNGG,GATGAGTGTGTGTGTGTGTGAGG
GGTGAGTGAGTGTGTGCGTGNGG,TGTGAGTGAGTATGTACATGTGG
GGTGAGTGAGTGTGTGCGTGNGG,GCTGAGTGAGTGTATGCGTGTGG
GGTGAGTGAGTGTGTGCGTGNGG,TGTGGGTGAGTGTGTGCGTGAGG
GGTGAGTGAGTGTGTGCGTGNGG,GTAGAGTGAGTGTGTGTGTGTGG
GGTGAGTGAGTGTGTGCGTGNGG,AGTGAATGAGTGTGTGTGTGTGG
GGTGAGTGAGTGTGTGCGTGNGG,TGTGAGAGAGAGTGTGCGTGTGG
GGTGAGTGAGTGTGTGCGTGNGG,GGTGAGTGAGTGTGTGTGTGAGG
GGTGAGTGAGTGTGTGCGTGNGG,TGTGAGAGAGTGTGTGTGTGGAG
GGTGAGTGAGTGTGTGCGTGNGG,GGTGTGTGAGTGTGTGTGTGTGG
GGTGAGTGAGTGTGTGCGTGNGG,GGTGGATGAGTGTGTGTGTGGGG
GGTGAGTGAGTGTGTGCGTGNGG,TGTGAGTGGGTGTGTGTGTGGGG
GGTGAGTGAGTGTGTGCGTGNGG,AGGGAGTGAGTGTGAGAGTGCGG
GGTGAGTGAGTGTGTGCGTGNGG,TGTGAGTGAGTGTGTGTATGGGG
GGTGAGTGAGTGTGTGCGTGNGG,AGCGAGTGAGTGTGTGTGTGGGG
GGTGAGTGAGTGTGTGCGTGNGG,AGTGAGTGAGTGAGTGAGTGGGG
GGTGAGTGAGTGTGTGCGTGNGG,GGTGAGTCAGTGTGTGAGTGAGG
GGTGAGTGAGTGTGTGCGTGNGG,GGTGGATGACTGTGTGTGTGGGG
GGTGAGTGAGTGTGTGCGTGNGG,CGCGAGTGAGTGTGTGCGCGGGG
GGTGAGTGAGTGTGTGCGTGNGG,TGTGGGTGAGTGTGTGCGTGAGA
GGTGAGTGAGTGTGTGCGTGNGG,GGTGAGTAAGTGTGAGCGTAAGG
GGTGAGTGAGTGTGTGCGTGNGG,GGTGAGCAAGTGTGTGTGTGTGG
GGTGAGTGAGTGTGTGCGTGNGG,GATGAGTGAGTGAGTGAGTGGGG
GGTGAGTGAGTGTGTGCGTGNGG,AGTGAGTAAGTGAGTGAGTGAGG
GGTGAGTGAGTGTGTGCGTGNGG,TGTGAGTGAGTGTGTGTGTGTGA
GGTGAGTGAGTGTGTGCGTGNGG,AATGAGTGAGTGTGTGTGTGTGA
GGTGAGTGAGTGTGTGCGTGNGG,TGTGAGTGAGTGTGTGCGTGTGA
GGTGAGTGAGTGTGTGCGTGNGG,AGTGAGTGAGTGTGTGTGTGTGA
GGTGAGTGAGTGTGTGCGTGNGG,GGAGAGTGAGTGTGTGTGTGAGA
GGTGAGTGAGTGTGTGCGTGNGG,GGTGAGTGTGTGTGTGCATGTGG
GGTGAGTGAGTGTGTGCGTGNGG,AGTGAGTGAGTGAGTGAGTGAGG
GGTGAGTGAGTGTGTGCGTGNGG,CGTGAGTGAGTGTGTACCTGGGG
GGTGAGTGAGTGTGTGCGTGNGG,AGTGAGTGAGTGTGTGTGTGAGA
GGTGAGTGAGTGTGTGCGTGNGG,CATGAGTGAGTGTGTGGGTGGGG
GGTGAGTGAGTGTGTGCGTGNGG,GGTGAGAGAGTGTGTGCACGGGG
GGTGAGTGAGTGTGTGCGTGNGG,GGTGAATGAGTGTGTGCTCTGGG
GGTGAGTGAGTGTGTGCGTGNGG,GGTGAGAGAGTGTGTGCGTAGGA
GAGTCCGAGCAGAAGAAGAANGG,AAGCCCGAGCAAAGGAAGAAAGG
GAGTCCGAGCAGAAGAAGAANGG,GAATCCAAGCAGAAGAAGAGAAG
GGGTGGGGGGAGTTTGCTCCNGG,AGGTCGGGGGAGTTAGATCCCGG
GGGTGGGGGGAGTTTGCTCCNGG,AGCTGAGGGGAGCTTGCTCTGGG
GGGTGGGGGGAGTTTGCTCCNGG,AAGTGGGAGGAGACTGCTCCAGG
GGGTGGGGGGAGTTTGCTCCNGG,GGGAGGGGGCAGGTTGCTCCAGG
GGGTGGGGGGAGTTTGCTCCNGG,AGGTAGGAGAAGCTTGCTCCTGA
GGGTGGGGGGAGTTTGCTCCNGG,GGGCAGAGGGAGTTAGCACCGGG
GGGTGGGGGGAGTTTGCTCCNGG,GGGTGAGGGGAATAAACTCCAGG
GGGTGGGGGGAGTTTGCTCCNGG,GGGGAGGGGGAGGGTGCTCCAGG
GGGTGGGGGGAGTTTGCTCCNGG,AAATGGGGGGAGTTTGCCCCCCG
GGGTGGGGGGAGTTTGCTCCNGG,GGGTGGGTGGAGTTTGCTACTGG
GAGTCCGAGCAGAAGAAGAANGG,GAGCCTGAGCAGAAGGAGAAGGG
GAGTCCGAGCAGAAGAAGAANGG,AAGTCCATGCAGAAGAGGAAGGG
GAGTCCGAGCAGAAGAAGAANGG,GAGTACAAGCAGATGAAAAACGG
GAGTCCGAGCAGAAGAAGAANGG,GAGGCCAAGCAGAAAAAAAATGG
GAGTCCGAGCAGAAGAAGAANGG,AAGTCCAGACAGAAGAAGAAGGA
GAGTCCGAGCAGAAGAAGAANGG,AAGTCCGGGCAAAAGAGGAAAGG
GAGTCCGAGCAGAAGAAGAANGG,GAGGCCAAGCAGAAAGAAAAAGG
GAGTCCGAGCAGAAGAAGAANGG,AGGTCAGAGCAGAAGAAAAGAGG
GAGTCCGAGCAGAAGAAGAANGG,GAGTCCCAGCAAAAGAAGAAAAG
GAGTCCGAGCAGAAGAAGAANGG,CACTCCAAGTAGAAGAAGAAAAG
GAGTCCGAGCAGAAGAAGAANGG,ATGTCCAAGCAGAAGAAGTCTGG
GAGTCCGAGCAGAAGAAGAANGG,TTCTCCAAGCAGAAGAAGAAGAG
GAGTCCGAGCAGAAGAAGAANGG,GAGTCCAAGCAGTAGAGGAAGGG
GAGTCCGAGCAGAAGAAGAANGG,GAGTTAGAGCAGAAAAAAAATGG
GAGTCCGAGCAGAAGAAGAANGG,CAGTCTGAGTAGAAGAAAAAGGG
GAGTCCGAGCAGAAGAAGAANGG,CGCTCCGAGCAGAAGAAAAGTGG
GAGTCCGAGCAGAAGAAGAANGG,GAGCCCAAGCACAAAAAGAATGG
GAGTCCGAGCAGAAGAAGAANGG,AAGTCTGAGAAGAAGAAGAAAGA
GAGTCCGAGCAGAAGAAGAANGG,GAGTTTGAGTAGAAGAAGAAGAG
GAGTCCGAGCAGAAGAAGAANGG,ATGTCCAAGCACAAGAGGAATGG
GAGTCCGAGCAGAAGAAGAANGG,GAGCCCAAGAAGAAGAAGAAGGA
GAGTCCGAGCAGAAGAAGAANGG,TAATCCAATCAGAAGAAGAAGGG
GAGTCCGAGCAGAAGAAGAANGG,CCCTCCAAGCAGAAGAAGATGAG
GAGTCCGAGCAGAAGAAGAANGG,GAGTCAGAGCAAAAGAAGTAGTG
GAGTCCGAGCAGAAGAAGAANGG,AAGCCCAAGCAAATGAAGAATGG
GAGTCCGAGCAGAAGAAGAANGG,GAGTCCTAGAAAAAGAAGAGAGG
GAGTCCGAGCAGAAGAAGAANGG,GAATCAGAGCAAAAGGAGAAAGG
GAGTCCGAGCAGAAGAAGAANGG,TTATCCGAGAAGAAGAAGTAAGG
GAGTCCGAGCAGAAGAAGAANGG,AGTTCCAAGCAGAAGAAGCATGG
GAGTCCGAGCAGAAGAAGAANGG,GAGTCCCAGGAGAAGAAGAGAGG
GAGTCCGAGCAGAAGAAGAANGG,CAGTCCAAACAGAAGAGGAATGG
GAGTCCGAGCAGAAGAAGAANGG,GAGGTAGAGCAGAAGAAGAAGCG
GAGTCCGAGCAGAAGAAGAANGG,AAGTCCAAAAAGAAGAAAAAAGG
GAGTCCGAGCAGAAGAAGAANGG,AAGTCTGAGAAGAAGAAGACATG
GGAATCCCTTCTGCAGCACCNGG,GGAACCCCCTCTGCAGCTTCTGG
GGAATCCCTTCTGCAGCACCNGG,CCACTCCTTTCTGCAGCACCCGG
GGAATCCCTTCTGCAGCACCNGG,ACTTTATCTTCTGCAGCACCTGG
GGGAAAGACCCAGCATCCGTNGG,GGGGAAGACCCAGCACCCTTGGG
GGGAAAGACCCAGCATCCGTNGG,TGGAAAGAAACAGCATCCGTACG
GGGAAAGACCCAGCATCCGTNGG,TTATAAGACCCAGCATCCGTAAG
GGGAAAGACCCAGCATCCGTNGG,GGGAAATCCCCAGCATCTCTAGG
GAACACAAAGCATAGACTGCNGG,CAATACAAAGGATAGACTGCAGG
GAACACAAAGCATAGACTGCNGG,TCACACAAACCATAGACTGAGGG
GAACACAAAGCATAGACTGCNGG,GTAAACAAAGCATAGACTGAGGG
GAACACAAAGCATAGACTGCNGG,CCACACCAAGCATAGACTTCTGG
GAACACAAAGCATAGACTGCNGG,GAATACTAAGCATAGACTCCAGG
GAACACAAAGCATAGACTGCNGG,GGAATCAAAGCACAGACTGCAGG
GAACACAAAGCATAGACTGCNGG,AAATACAATGCATAGACTGCTAG
GAACACAAAGCATAGACTGCNGG,GAAAACAAAACATAGAGTGCTGG
GAACACAAAGCATAGACTGCNGG,AAGAACAAAACATAGACTGCAGG
GAACACAAAGCATAGACTGCNGG,GAATTCAAAGCATAGATTGCAGG
GAACACAAAGCATAGACTGCNGG,ATACACAGAGCAAAGACTGCAGG
GAACACAAAGCATAGACTGCNGG,CCAAACAAAACATAGACTGCTGG
GAACACAAAGCATAGACTGCNGG,AAACATAAAGAATAGACTGCAAG
GAACACAAAGCATAGACTGCNGG,AACTCCAAAGCATATACTGCTGG
GAACACAAAGCATAGACTGCNGG,GAACACAGTACATAGACTGGCAG
GGCCCAGACTGAGCACGTGANGG,CAGCCAGACAGAGCACGTGGAGG
GGCCCAGACTGAGCACGTGANGG,GGCGCAGACAGAGCACGTGACGA
GGCCCAGACTGAGCACGTGANGG,GACACAGACCGGGCACGTGAGGG
GGCCCAGACTGAGCACGTGANGG,ACTCCAGACTGAGCAACTGAGGG
GGCCCAGACTGAGCACGTGANGG,ATTCCAGAATGAGCACATGAAGG
GGCCCAGACTGAGCACGTGANGG,GGACCAGGCTGAGCACATGGAGG
GGCCCAGACTGAGCACGTGANGG,TCTCCAGACTGAGCCCATGAGGG
GGCCCAGACTGAGCACGTGANGG,AAGCCAGACTGAGCACGTTCAGG
GGCCCAGACTGAGCACGTGANGG,GACCCAGAATGAGCACAAAAGGG
GGCCCAGACTGAGCACGTGANGG,AAATAAGACTGAGCACGTGGTGG
GGCCCAGACTGAGCACGTGANGG,GGCTCAGACTGAGCACCTGAGAG
GGCCCAGACTGAGCACGTGANGG,TTCCCAGACAAAGCACGCGAAGG
GGCCCAGACTGAGCACGTGANGG,CCTAAAGACTGAGCAAGTGAAGG
GGCCCAGACTGAGCACGTGANGG,AACAAAGACTGAGCACGTTAGGG
GGCCCAGACTGAGCACGTGANGG,GAAGGAGACTGAGCATGTGAGGG
GGCCCAGACTGAGCACGTGANGG,CTCGGAGACTGACCACGTGAGGG
GGCCCAGACTGAGCACGTGANGG,CCCATGGACTGAGCACATGAAGG
GGCCCAGACTGAGCACGTGANGG,ACCCAAGACAGAGCACGTGGAGG
GGCACTGCGGCTGGAGGTGGNGG,GACTCTGCAGCTGAAGGTGGGGG
GGCACTGCGGCTGGAGGTGGNGG,GGCCATGCGGCTGGTGGTGGTGG
GGCACTGCGGCTGGAGGTGGNGG,GGCTCTGCAGCTGTAGGAGGAGG
GGCACTGCGGCTGGAGGTGGNGG,GGCCCTGCAGCTGGAGATGGAAG
GGCACTGCGGCTGGAGGTGGNGG,GGCCCTGCTACTGGGGGTGGTGG
GGCACTGCGGCTGGAGGTGGNGG,GGCACTTCAGCTGGAGGCAGAGG
GGCACTGCGGCTGGAGGTGGNGG,GGCCCTGCTGCTGGAGGTGCTGG
GGCACTGCGGCTGGAGGTGGNGG,GCACCTGCGGCTGGAGGTGGCAG
GGCACTGCGGCTGGAGGTGGNGG,AGCAATACGGATGGAGGTGGAGG
GGCACTGCGGCTGGAGGTGGNGG,TGCACTGCAACTGGGGGTGGCAG
GGCACTGCGGCTGGAGGTGGNGG,TGCACTGCAGCTGGGGGCAGAGG
GGCACTGCGGCTGGAGGTGGNGG,CTGCCTGCGGCTGGGGGTGTGGG
GGCACTGCGGCTGGAGGTGGNGG,GGAACTGTGGCTGGGGATGGGGG
GGCACTGCGGCTGGAGGTGGNGG,TACACTGCAGCTGGGAGTGGTGG
GGCACTGCGGCTGGAGGTGGNGG,GGCCCTTCGGCTGGAGGTGGCAG
GGCACTGCGGCTGGAGGTGGNGG,GCACCTGCGGCCAGGGGTGGGGG
GGCACTGCGGCTGGAGGTGGNGG,GGCACTGCGGCAGGGAGGAGGGG
GGCACTGCGGCTGGAGGTGGNGG,GGTTCTGCGGTTGGGGGTGGGGG
GGCACTGCGGCTGGAGGTGGNGG,GGCCCTGCAGCAGGGGGTGGAGG
GGCACTGCGGCTGGAGGTGGNGG,CCTTCTGCGGCTGGAAGTGGTGG
GGCACTGCGGCTGGAGGTGGNGG,GGGACTGCAGCTGGGGATGGGGG
GGCACTGCGGCTGGAGGTGGNGG,GGCTCTGTAGCTGGGGGTGGTGG
GGCACTGCGGCTGGAGGTGGNGG,AGCACTGTGGATGGAGTTGGAGG
GGCACTGCGGCTGGAGGTGGNGG,ACCACTGAGGATGGGGGTGGAGG
GGCACTGCGGCTGGAGGTGGNGG,GGAAGTGCGGCAGGAGGTGGAGG
GGCACTGCGGCTGGAGGTGGNGG,AGCTCTGCGGCAGGAGTTGGAGG
GGCACTGCGGCTGGAGGTGGNGG,GGCCCAGCGGCGGGAGGTGGGGG
GGCACTGCGGCTGGAGGTGGNGG,GGCTCTGCGTCCGGAGGTGAGAG
GGCACTGCGGCTGGAGGTGGNGG,GACACCGCAGCTGGGGGCGGCGG
GGCACTGCGGCTGGAGGTGGNGG,GGAACTGGGGCTGGGGGTGGGGG
GGCACTGCGGCTGGAGGTGGNGG,GACACTGAGGCTGGAGGTCTGGG
GGCACTGCGGCTGGAGGTGGNGG,GGCTCTGAGGCTGGTGGTGGGGG
GGCACTGCGGCTGGAGGTGGNGG,TGCACAGCGGATGGAGGGGGGGG
GGCACTGCGGCTGGAGGTGGNGG,AGCCCTGCGGCCGGGGGAGGCGG
GGCACTGCGGCTGGAGGTGGNGG,TTCACTGTGGCTGGAGGTGGGGA
GGCACTGCGGCTGGAGGTGGNGG,GGCACTGTTGCTGGAGGAGGCAG
GGCACTGCGGCTGGAGGTGGNGG,GACACTGCTACTGGAGGCTGGGG
GGCACTGCGGCTGGAGGTGGNGG,GGTACAGTGGCTGGAGGTGGAAG
GGCACTGCGGCTGGAGGTGGNGG,GGCATTGCTGCTGGTGGTGGTGG
GGCACTGCGGCTGGAGGTGGNGG,CCCACTGCGGGTGGAGGTGGAAG
GGCACTGCGGCTGGAGGTGGNGG,GACACCTCGGCTGGAGGTGCAGG
GGCACTGCGGCTGGAGGTGGNGG,GGCCCTGCAGCTGGAGAGGGAGG
GGCACTGCGGCTGGAGGTGGNGG,GGGACTGCAACTGGAGGTGGGGG
GGCACTGCGGCTGGAGGTGGNGG,GATACTGGGGCTGGGGGTGGAGG
GGCACTGCGGCTGGAGGTGGNGG,AGTACTGCGGCTGGGCGTGGTGG
GGCACTGCGGCTGGAGGTGGNGG,TGCACTCCGACTGGAAGTGGTGG
GGCACTGCGGCTGGAGGTGGNGG,CTGGCAGCGGCTGGGGGTGGGGG
GGCACTGCGGCTGGAGGTGGNGG,GGCCCTGCAGCTGGAGGAGGAGA
GGCACTGCGGCTGGAGGTGGNGG,TGCACTGCAGCTGGAGGCAACGG
GGCACTGCGGCTGGAGGTGGNGG,GGCACGCGGCTGGGAGGTGGAGG
GGCACTGCGGCTGGAGGTGGNGG,TGCACTGCGGGCGGAGGCGGCGG
GGCACTGCGGCTGGAGGTGGNGG,TGCACTGCAGCTGGGGGTCGGGG
GGCACTGCGGCTGGAGGTGGNGG,TGCACTGCAGCTGGGGCTGGAGG
GGCACTGCGGCTGGAGGTGGNGG,AACACTGCGGCTGCAGCTGGAGG
GGCACTGCGGCTGGAGGTGGNGG,TCCACTGAGGCTGGGGGTGGTGG
GGCACTGCGGCTGGAGGTGGNGG,TGCCCTGCAGCTGGGGGTGGGGG
GGCACTGCGGCTGGAGGTGGNGG,GACACTGAGGCTGGAAGAGGTGG
GGCACTGCGGCTGGAGGTGGNGG,CGCACTGGGGCTGCAGGTGGAGG
GGCACTGCGGCTGGAGGTGGNGG,GGCCCTGAGGCAGGAAGTGGGGG
GGCACTGCGGCTGGAGGTGGNGG,TGCACTGAAGCTGGAGGTGGAGA
GGCACTGCGGCTGGAGGTGGNGG,AGCACTGGGGCTGGAGCTAGAGG
GGCACTGCGGCTGGAGGTGGNGG,GGCTCTGCCACTGGAGGGGGTGG
GGCACTGCGGCTGGAGGTGGNGG,AGCTCTGCTATTGGAGGTGGAGG
GGCACTGCGGCTGGAGGTGGNGG,GGCACTCTGGCTGGACGTGGTGG
GGCACTGCGGCTGGAGGTGGNGG,AGAACTGGGGCTGGGGGTGGGGG
GGCACTGCGGCTGGAGGTGGNGG,AGCACTATGGATAGAGGTGGAGG
GGCACTGCGGCTGGAGGTGGNGG,ATCACTGCGCCTGGTGGTGGGGG
GGCACTGCGGCTGGAGGTGGNGG,AACACTGGGGCTGGTGGTGGTGG
GGCACTGCGGCTGGAGGTGGNGG,TGCACTGCGACTGGAGGGAGAGG
GGCACTGCGGCTGGAGGTGGNGG,GGCAGTGCAGCTGGAGGCAGGGG
GGCACTGCGGCTGGAGGTGGNGG,TGCACTGAGGAAGGAGGTGGAGG
GGCACTGCGGCTGGAGGTGGNGG,AGCCCTGGGGCAGGAGGTGGGGG
GGCACTGCGGCTGGAGGTGGNGG,GACCCTGCGGTGGGAGGTGGCGG
GGCACTGCGGCTGGAGGTGGNGG,GGCATGCGGCTGGGAGGTGGAGG
GGCACTGCGGCTGGAGGTGGNGG,GGCACTGGGGAAGGAGGTGGAGG
GGCACTGCGGCTGGAGGTGGNGG,AGCTCTGCTGCTGGAGGAGGTGG
GGCACTGCGGCTGGAGGTGGNGG,GGGCCTGCAGCTGGGGGTGGGGG
GGCACTGCGGCTGGAGGTGGNGG,GCAGCTGCGGCTGGAGCTGAGGG
GGCACTGCGGCTGGAGGTGGNGG,AACCCTGCGGCAGGAGGAGGCGG
GGCACTGCGGCTGGAGGTGGNGG,CGTTCTGCGGCGGGAGGTGGCGG
GGCACTGCGGCTGGAGGTGGNGG,GAGCCTGCGGCTGCAGGTGGGTG
GGCACTGCGGCTGGAGGTGGNGG,GGCACATGGGCTGGGGGTGGGGG
GGCACTGCGGCTGGAGGTGGNGG,GGCCCTGCTGCTGGAGAAGGTGG
GGCACTGCGGCTGGAGGTGGNGG,AGCCCTGCTACTGGGGGTGGGGG
GGCACTGCGGCTGGAGGTGGNGG,CAAACTGCAGCTGGAGATGGGAG
GGCACTGCGGCTGGAGGTGGNGG,AGCACTGCAGTGAGAGGTGGAGG
GGCACTGCGGCTGGAGGTGGNGG,CTTCCTACGGCAGGAGGTGGGGG
GGCACTGCGGCTGGAGGTGGNGG,CTGACTGCAGCTGGAGGTGGAGA
GGGAAAGACCCAGCATCCGTNGG,GGGAATACACCAGCATCCGTAGA
GGGAAAGACCCAGCATCCGTNGG,GGAAAGTACACAGCATCCATCGG
GAACACAAAGCATAGACTGCNGG,GAGCGATAAGCACAGACTGCTGG
GAACACAAAGCATAGACTGCNGG,AACAAGTATGCATAGACTGCTGG
GGCCCAGACTGAGCACGTGANGG,ATTCTAGACTGAGCACGTGCAAG
GTCATCTTAGTCATTACCTGNGG,GTAATATTAGTCATTACCGGTGG
GTCATCTTAGTCATTACCTGNGG,ATCACCTTAGCCATTACCAGGGG
GTCATCTTAGTCATTACCTGNGG,ATTATTTTAGTCATTACCTTTGG
GTCATCTTAGTCATTACCTGNGG,GGTATCTAAGTCATTACCTGTGG
GTCATCTTAGTCATTACCTGNGG,AATATGTTAGTCATTACCTGAGG
GGGTGGGGGGAGTTTGCTCCNGG,GGAGGAGGGAACTTTGCTCCAGG
GGGTGGGGGGAGTTTGCTCCNGG,CAGGTGGGAGAGTTTGCTCCCAG
GGGTGGGGGGAGTTTGCTCCNGG,AAAGGGGGGAACTTTGCTCCAGG
GGGTGGGGGGAGTTTGCTCCNGG,AGGGAGAGGGAGCTTGCTCCCAG
GGGTGGGGGGAGTTTGCTCCNGG,GTGTGAGTGGAGTTTGCTCTGGG
GGGTGGGGGGAGTTTGCTCCNGG,GGGATGGGAGAGTCTGCTCCTGG
GGGTGGGGGGAGTTTGCTCCNGG,GAGTGAGGAGAGCTTGCTCCATG
GGGTGGGGGGAGTTTGCTCCNGG,AGGGAAGGGGAATTTGCACCTGG
GGGTGGGGGGAGTTTGCTCCNGG,GGTGGGGGAAAGTTTGCTCCTGA
GGGTGGGGGGAGTTTGCTCCNGG,GGCCCAGGGGAGTTTGCTCCCAG
GGGTGGGGGGAGTTTGCTCCNGG,GGGTGGGGAGAGTTTCTTCCTGG
GACCCCCTCCACCCCGCCTCNGG,CCTCACCCCCACCCCACCTCTGG
GACCCCCTCCACCCCGCCTCNGG,CTCCCCACCCACCCCGCCTCAGG
GACCCCCTCCACCCCGCCTCNGG,TCCGCCCCCCACCCCACCTCCGG
GACCCCCTCCACCCCGCCTCNGG,TCACTCCCCCACCCCACCTCTGG
GACCCCCTCCACCCCGCCTCNGG,TCTCCCCTGTACCCCGCCTCTGG
GACCCCCTCCACCCCGCCTCNGG,TAAATCCTCCACCCCACCTCAGG
GACCCCCTCCACCCCGCCTCNGG,GCCACCTTCCACCCCACCTCAGG
GACCCCCTCCACCCCGCCTCNGG,TCAGACCTCCACCCCGCCTCAGG
GACCCCCTCCACCCCGCCTCNGG,CCCTTCCCCCACCCCACCTCCGG
GACCCCCTCCACCCCGCCTCNGG,CGTCTCCCCCACCCCACCTCAGG
GACCCCCTCCACCCCGCCTCNGG,TGCAACCTCCTCCCCGCCTCGGG
GACCCCCTCCACCCCGCCTCNGG,TCCCGCCCCCACCCCACCTCCGG
GACCCCCTCCACCCCGCCTCNGG,CCCTACCCCCACCCCACCTCAGG
GACCCCCTCCACCCCGCCTCNGG,CCCACACCCCACCCCACCTCCGG
GACCCCCTCCACCCCGCCTCNGG,GATCGACTCCACCCCGCCTCTGG
GACCCCCTCCACCCCGCCTCNGG,CATCTTCCCCACCCCGCCTCTGG
GACCCCCTCCACCCCGCCTCNGG,TCCTTTCTCCACCCCACCTCTGG
GACCCCCTCCACCCCGCCTCNGG,TCCCCTTCCCACCCCACCTCCGG
GACCCCCTCCACCCCGCCTCNGG,GCTGTCTCCCACCCCGCCTCAGG
GACCCCCTCCACCCCGCCTCNGG,GCCAGCCCTCACCCCGCCTCGGG
GACCCCCTCCACCCCGCCTCNGG,TCTTCTTTCCACCCCGCCTCAGG
GGTGAGTGAGTGTGTGCGTGNGG,AGAGAGTGTGTGTGTGCTTGGGG
GGTGAGTGAGTGTGTGCGTGNGG,TGTGAGTGAATGAGTGCATGTGG
GGTGAGTGAGTGTGTGCGTGNGG,TGAGAGTGAGAGTGTGTGTGGGG
GGTGAGTGAGTGTGTGCGTGNGG,TGTGAGTGGGTGTGTATGTGAGG
GGTGAGTGAGTGTGTGCGTGNGG,TGTGTGTGAGTGTGTGTGTGTGG
GGTGAGTGAGTGTGTGCGTGNGG,TGTGTATGAGTGTGTGCGTTGGG
GGTGAGTGAGTGTGTGCGTGNGG,TGTGAGTATGTGTGTGCATGTGG
GGTGAGTGAGTGTGTGCGTGNGG,TGTGTGTGAGTGTGTACATGAGG
GGTGAGTGAGTGTGTGCGTGNGG,GATGTGTGAGTGTGTACATGAGG
GGTGAGTGAGTGTGTGCGTGNGG,AGTGTGTGAGAGTGTGCATGTGG
GGTGAGTGAGTGTGTGCGTGNGG,TGTGAAGGAGTGTGTGTGTGTGG
GGTGAGTGAGTGTGTGCGTGNGG,AGAGAGAGAGTGTGTGCGTGTGA
GGTGAGTGAGTGTGTGCGTGNGG,AGAGAGAGAGTGTGTGTGTGTGG
GGTGAGTGAGTGTGTGCGTGNGG,AGTGAATGTGTGTGTGCATGTGG
GGTGAGTGAGTGTGTGCGTGNGG,CATGCGTGAGTGTGTGCATGGGG
GGTGAGTGAGTGTGTGCGTGNGG,AATGAGTGTGTGTGTGTATGGGG
GGTGAGTGAGTGTGTGCGTGNGG,TGAGTGTGAGTGTGTGCGTGGGG
GGTGAGTGAGTGTGTGCGTGNGG,GATGAGTGTGTCTGTGCATGAGG
GGTGAGTGAGTGTGTGCGTGNGG,TGTGTGTGAGTGTGTGTGTGGGG
GGTGAGTGAGTGTGTGCGTGNGG,ACTGAGTGAGTGTGAGTGTGAGG
GGTGAGTGAGTGTGTGCGTGNGG,CATGAGTGACTGTGTGTGTGTGG
GGTGAGTGAGTGTGTGCGTGNGG,GGTAAGTATGTGTGTGCATGGGG
GGTGAGTGAGTGTGTGCGTGNGG,GGAGAGTGTGTGTGTGAGTGTGG
GGTGAGTGAGTGTGTGCGTGNGG,CTTGAGTGAGAGTGAGCGTGAGG
GGTGAGTGAGTGTGTGCGTGNGG,GGTGTGTGAATGTGTGTGTGTGG
GGTGAGTGAGTGTGTGCGTGNGG,TGTATGTGAGTGTGTGCGTGTGG
GGTGAGTGAGTGTGTGCGTGNGG,CATAAGTGAGTGTGTGCGAGTGG
GGTGAGTGAGTGTGTGCGTGNGG,AGTGGATGAGTGAGTGCATGCGG
GGTGAGTGAGTGTGTGCGTGNGG,GAAGAGTAAGTGTGTGTGTGGGG
GGTGAGTGAGTGTGTGCGTGNGG,CCAGAATGAGTGTGTGTGTGTGG
GGTGAGTGAGTGTGTGCGTGNGG,TCAGAATGAGTGTGTGCCTGGGG
GGTGAGTGAGTGTGTGCGTGNGG,GGTGTGTGTGTGTGTGCGTGCGG
GGTGAGTGAGTGTGTGCGTGNGG,AATGAATGAATGTGTGCATGTGG
GGTGAGTGAGTGTGTGCGTGNGG,TCTGAGTGAGTGTGGGCATGGGG
GGTGAGTGAGTGTGTGCGTGNGG,GAAGAATGAGTGTGTGCTTGTGG
GGTGAGTGAGTGTGTGCGTGNGG,AGTGATGGAGTGTGTGCCTGTGG
GGTGAGTGAGTGTGTGCGTGNGG,GGTAAGTGTGTGTGTGCATGTGG
GGTGAGTGAGTGTGTGCGTGNGG,TGTGAGTGTATGTGTGTGTGTGG
GGTGAGTGAGTGTGTGCGTGNGG,ACTGACTGAGTGTGAGCATGTGG
GGTGAGTGAGTGTGTGCGTGNGG,CGTGAGTGTGTGTATGCGTGTGG
GGTGAGTGAGTGTGTGCGTGNGG,AGAGAGAGAGTGTGTGTGTGAGG
GGTGAGTGAGTGTGTGCGTGNGG,GGTGTGTGTGTGTGTGCGTGTGG
GGTGAGTGAGTGTGTGCGTGNGG,TGTGAGTATGTGTGTGTGTGTGG
GGTGAGTGAGTGTGTGCGTGNGG,GGTGAGTAGGTGTGTGTGTGGGG
GGTGAGTGAGTGTGTGCGTGNGG,TGTGTGTGAGTATGTGTGTGTGG
GGTGAGTGAGTGTGTGCGTGNGG,TGTGAGTGGGTGTGTGTGTGTGG
GGTGAGTGAGTGTGTGCGTGNGG,ACAGAGTGAGTGTATGTGTGGGG
GGTGAGTGAGTGTGTGCGTGNGG,GATAAGTGAGTATGTGTGTGTGG
GGTGAGTGAGTGTGTGCGTGNGG,TGTGTGTGAGTGTGTGCATGTGG
GGTGAGTGAGTGTGTGCGTGNGG,TGTGGGTGGGTGTGTGCGTGTGG
GGTGAGTGAGTGTGTGCGTGNGG,GGGAAGGGAGTGTGTGCATGGGG
GGTGAGTGAGTGTGTGCGTGNGG,TGTGAGTGTGTATGTGTGTGTGG
GGTGAGTGAGTGTGTGCGTGNGG,GATGAGTGTGTGTGTGTGTGCGG
GGTGAGTGAGTGTGTGCGTGNGG,GGGGAATGAGTGTGTATGTGAGG
GGTGAGTGAGTGTGTGCGTGNGG,TGTGAGTGAATATGTGTATGTGG
GGTGAGTGAGTGTGTGCGTGNGG,AATGAGTGTGTATGTGTGTGTGG
GGTGAGTGAGTGTGTGCGTGNGG,GATGAGTTTGTGTGTGTGTGGGG
GGTGAGTGAGTGTGTGCGTGNGG,GGTGTGTGGGTGTGTGTGTGGGG
GGTGAGTGAGTGTGTGCGTGNGG,TGTGAGTGTGTGTGTGAGTGTGG
GGTGAGTGAGTGTGTGCGTGNGG,CATGAGTGGGTGTGTGCGTGGAG
GGTGAGTGAGTGTGTGCGTGNGG,GGTATGTGAGTGTGAGTGTGGGG
GGTGAGTGAGTGTGTGCGTGNGG,GGTGAGTGAGTGCGTGCGGGTGG
GGTGAGTGAGTGTGTGCGTGNGG,TGTGAGTGAATGTGTGTGTGTGG
GGTGAGTGAGTGTGTGCGTGNGG,TGTGCGTGAGTGTGTGTATGTGG
GGTGAGTGAGTGTGTGCGTGNGG,CATGAGTGTGTGTGTGCTTGTGG
GGTGAGTGAGTGTGTGCGTGNGG,TGTGTGTGAGTGTGTGCATGAGG
GGTGAGTGAGTGTGTGCGTGNGG,GGAGAATAGGTGTGTGCGTGGGG
GGTGAGTGAGTGTGTGCGTGNGG,AGTGAGTGTGTATGTGTGTGTGG
GGTGAGTGAGTGTGTGCGTGNGG,GGTGTGTGAGAGTGTGTATGTGG
GGTGAGTGAGTGTGTGCGTGNGG,AGAGAGTGTGTGTGTGTGTGTGG
GGTGAGTGAGTGTGTGCGTGNGG,TGTGAGAGAATGTGTGCGTGTGA
GGTGAGTGAGTGTGTGCGTGNGG,TGTGAGTGTGTGTGTGTGTGTGG
GGTGAGTGAGTGTGTGCGTGNGG,AGGGAGTGAGTGTGTAAGTGTGG
GGTGAGTGAGTGTGTGCGTGNGG,TATGAGTGTGTGTGTGAGTGTGG
GGTGAGTGAGTGTGTGCGTGNGG,GCAGAGTGAGTGTGTGTGTTGGG
GGTGAGTGAGTGTGTGCGTGNGG,GGTGTGTGTGTGTGTGTGTGTGG
GGTGAGTGAGTGTGTGCGTGNGG,GTAGAGTGAGTGTGAGAGTGTGG
GGTGAGTGAGTGTGTGCGTGNGG,AGTGCATGAGTGTGTATGTGAGG
GGTGAGTGAGTGTGTGCGTGNGG,TGTGAGTGTGTGTGTGTATGTGG
GGTGAGTGAGTGTGTGCGTGNGG,TGTGTGTGAGTGTGAGTGTGTGG
GGTGAGTGAGTGTGTGCGTGNGG,GGTGTGTGTGTGTGTACGTGGGG
GGTGAGTGAGTGTGTGCGTGNGG,TGAGAGTGAGTGTGAGAGTGGGG
GGTGAGTGAGTGTGTGCGTGNGG,TGAGAGTGAGTGTATGAGTGTGG
GGTGAGTGAGTGTGTGCGTGNGG,TGTGAGTGTGTATGTGTGTGGGG
GGTGAGTGAGTGTGTGCGTGNGG,AGTGAGTGAGTGTGAGCGTGAAG
GGTGAGTGAGTGTGTGCGTGNGG,GGTGTGTGTGTGTGTGTGTGGGG
GGTGAGTGAGTGTGTGCGTGNGG,TGTGAGTGCGTGTGTGTGTGTGG
GGTGAGTGAGTGTGTGCGTGNGG,AATGGGTGAGTGTGTGGGTGGGG
GGTGAGTGAGTGTGTGCGTGNGG,TGTGAGTGTGTGTGTGCATGTGG
GGTGAGTGAGTGTGTGCGTGNGG,CATGAGTGGGTGTGTGCATTGGG
GGTGAGTGAGTGTGTGCGTGNGG,GGAGTGTGAGTGTGTGAGTGCGG
GGTGAGTGAGTGTGTGCGTGNGG,TGTGTGTGAGTGTGTGTATGTGG
GGTGAGTGAGTGTGTGCGTGNGG,GATGTGTGAGTGTGTGCCTGTGG
GGTGAGTGAGTGTGTGCGTGNGG,GGTGTAGGAGTGTGTGTGTGGGG
GGTGAGTGAGTGTGTGCGTGNGG,TGTGAGTGTGTGTGTACCTGGGG
GGTGAGTGAGTGTGTGCGTGNGG,TGTGAGTGTGTGTATGCGTGTGA
GGTGAGTGAGTGTGTGCGTGNGG,GGACTGTGAGTGTGTGCGTGAGG
GGTGAGTGAGTGTGTGCGTGNGG,TGTGAGTGCGTGTGTGAGTGTGG
GGTGAGTGAGTGTGTGCGTGNGG,TGTGAGTGGGTGTGTGCATGTGG
GGTGAGTGAGTGTGTGCGTGNGG,GGTGAGTGTGTGTGTGAGTGTGG
GGTGAGTGAGTGTGTGCGTGNGG,TGTGAGTGTGTGTGTGCGTGCGC
GGTGAGTGAGTGTGTGCGTGNGG,TGTGAGTGAATGTGTGCATATGG
GGTGAGTGAGTGTGTGCGTGNGG,GGTGAAAGAGTATGTGTGTGTGG
GGTGAGTGAGTGTGTGCGTGNGG,AGCGAGAGAGTGTGTGAGTGTGG
GGTGAGTGAGTGTGTGCGTGNGG,GGTGAGCGTGTGTGTGCATGTGG
GGTGAGTGAGTGTGTGCGTGNGG,TGAGTGTGAGTGTGAGCGTGCGG
GGTGAGTGAGTGTGTGCGTGNGG,AGAAAGTGAGTGTGTGTATAAGG
GGTGAGTGAGTGTGTGCGTGNGG,GGTATTTGAGTGTGTACATGTGG
GGTGAGTGAGTGTGTGCGTGNGG,TGTGAGTGAGTGCATGTGTGTGG
GGTGAGTGAGTGTGTGCGTGNGG,AGTGTGTAAGTGTGTGAGTGGGG
GGTGAGTGAGTGTGTGCGTGNGG,TATGAGTGTATGTGTGCATAGGG
GGTGAGTGAGTGTGTGCGTGNGG,CCTGAGCGAGTATGTGCATGTGG
GGTGAGTGAGTGTGTGCGTGNGG,TGTGTGTGAGTGTGTGCATGTGA
GGTGAGTGAGTGTGTGCGTGNGG,AATGAGTGAGTGAGTGCATGGAG
GGTGAGTGAGTGTGTGCGTGNGG,TATGAATGTGTGTGTGCATGTGG
GGTGAGTGAGTGTGTGCGTGNGG,TGTGAGAGAGTGTGTGAGTGTGG
GGTGAGTGAGTGTGTGCGTGNGG,AGAGAGAGAGTGTGTGCACGTGG
GGTGAGTGAGTGTGTGCGTGNGG,GGTGTGTGAGTGTGTGTGTGTGA
GGTGAGTGAGTGTGTGCGTGNGG,AGTGTGTGAGTGTGTGAGTGAGG
GGTGAGTGAGTGTGTGCGTGNGG,AGTGTGTGAGTGTGTGTGTGAGG
GGTGAGTGAGTGTGTGCGTGNGG,AGAGAGTGAGTGAGTGAGTGTGG
GGTGAGTGAGTGTGTGCGTGNGG,ATTGTGTGAGTGTGTGCATGTGG
GGTGAGTGAGTGTGTGCGTGNGG,AATGAGTGAGTGTGTGAGTGAAG
GGTGAGTGAGTGTGTGCGTGNGG,TGTGTGTGAGCGTGTGTGTGTGG
GGTGAGTGAGTGTGTGCGTGNGG,ACTGAGTGGGTGTGTGCCTGAGG
GGTGAGTGAGTGTGTGCGTGNGG,GGTGAGTGAGTGAGTGAGTGAGG
GGTGAGTGAGTGTGTGCGTGNGG,AGAGAGAGAGTGTGTGCAAGGGG
GGTGAGTGAGTGTGTGCGTGNGG,GGTGTGAGAGTGTGTGAGTGGGG
GGTGAGTGAGTGTGTGCGTGNGG,GGCGAGTGTGTGTGTGAGTGTGG
GGTGAGTGAGTGTGTGCGTGNGG,GCTGAGTGTGTGTGTGCGTGTAG
GGTGAGTGAGTGTGTGCGTGNGG,TATGAGTGTGTGTGTGCACGTGG
GGTGAGTGAGTGTGTGCGTGNGG,TGTGAATGAGTGCGTGAATGGGG
GGTGAGTGAGTGTGTGCGTGNGG,TGTGTATGAGTGTGTGTATGCGG
GGTGAGTGAGTGTGTGCGTGNGG,GGTGTGTGTGTGTGTGCATGTGG
GGTGAGTGAGTGTGTGCGTGNGG,AGCGAGTGAGTGAGTGCATTGGG
GGTGAGTGAGTGTGTGCGTGNGG,TGTGAGAGAGTGTGTGCATGTGA
GGTGAGTGAGTGTGTGCGTGNGG,GGTGTGTGAGTGAGTGAGTGCGG
GGTGAGTGAGTGTGTGCGTGNGG,AGTGTGTGAGTGTGTGTATGAGG
GGTGAGTGAGTGTGTGCGTGNGG,TGGGTGTGAGTGTGTGCGTGTGG
GGTGAGTGAGTGTGTGCGTGNGG,AGTGAATGAGTGAGTGAGTGAGG
GGTGAGTGAGTGTGTGCGTGNGG,CGTGAGTGAGTGTGTGGTTGGGG
GGTGAGTGAGTGTGTGCGTGNGG,GGTGTATGAGTGTGTGCGTCGGA
GGTGAGTGAGTGTGTGCGTGNGG,TGTGAGTGGGTGTGTGAGTGAGG
GGTGAGTGAGTGTGTGCGTGNGG,GGTGAGTTTGTGTGTGGGTGTGG
GGTGAGTGAGTGTGTGCGTGNGG,TATGTGTGAGTGTGTGCATATGG
GGTGAGTGAGTGTGTGCGTGNGG,GGTGGGTGAGTGAGTGAGTGAGG
GGTGAGTGAGTGTGTGCGTGNGG,AGTGTATGAGTGTTTGCATGGGG
GGTGAGTGAGTGTGTGCGTGNGG,AGAGAGAGAGAGTGTGTGTGTGG
GGTGAGTGAGTGTGTGCGTGNGG,GGTGAGCTCGTGAGTGCGTGAGG
GGTGAGTGAGTGTGTGCGTGNGG,GGAGAGTGAGTGTGTTTGTGTGG
GGTGAGTGAGTGTGTGCGTGNGG,AGGTAGTGAGTGTGTGCATGGGT
GGTGAGTGAGTGTGTGCGTGNGG,TGTGAGTGAGTGTGTGCATGTGA
GGTGAGTGAGTGTGTGCGTGNGG,GGTGAGGTGGTGTGTGCCTGTGG
GGTGAGTGAGTGTGTGCGTGNGG,GATGAGCGAGTGTGTGTGTATGG
GGTGAGTGAGTGTGTGCGTGNGG,TGTGAGTGTGTGTGTGCATCTGG
GGTGAGTGAGTGTGTGCGTGNGG,GGGGAATGAGTGTGTGCATGGAG
GGTGAGTGAGTGTGTGCGTGNGG,TTTGAGTGTGTGTGTGCATGAGG
GGTGAGTGAGTGTGTGCGTGNGG,TGTGAGTGTGTGTGTGCATGCAG
GGTGAGTGAGTGTGTGCGTGNGG,TATGAGTGTGTGTGTGAATGTGG
GGTGAGTGAGTGTGTGCGTGNGG,AGTGTGTGTGTGTGTGTGTGGGG
GGTGAGTGAGTGTGTGCGTGNGG,GGTATGTGAGTGTGTGTATATGG
GGTGAGTGAGTGTGTGCGTGNGG,GGTGTAGTGGTGTGTGCTTGTGG
GGTGAGTGAGTGTGTGCGTGNGG,GGGAGGTGAGTGCATGCGTGTGG
GGTGAGTGAGTGTGTGCGTGNGG,AGGATGTGAGTGTGTGCATGTGG
GGTGAGTGAGTGTGTGCGTGNGG,TGAGAGTGAGTGTGTGTATATGG
GGTGAGTGAGTGTGTGCGTGNGG,TGTGTGTGTGTGTGTGTGTGTGG
GGTGAGTGAGTGTGTGCGTGNGG,TGTGTGTGAGTGTGTGCCCGTGG
GGTGAGTGAGTGTGTGCGTGNGG,GATGTGTGTGTGTGTGCGTGTGG
GGTGAGTGAGTGTGTGCGTGNGG,GGGGTGTGTGTGTGTGTGTGTGG
GGTGAGTGAGTGTGTGCGTGNGG,TGTGAGTGGGTGTGTGGGTGTGG
GGTGAGTGAGTGTGTGCGTGNGG,AGTGAGTGAGTGAGTGAATGAGG
GGTGAGTGAGTGTGTGCGTGNGG,TGTTAGTGAGTGTGTGCAGGTGG
GGTGAGTGAGTGTGTGCGTGNGG,TATGAGTGAGTGTGTGGATGAGG
GGTGAGTGAGTGTGTGCGTGNGG,AGAGAGTGAGTGTGTGAGTGTGA
GGGTGGGGGGAGTTTGCTCCTGG,ATGGGGGAGAAACTTGCTCCTGG
GGTGAGTGAGTGTGTGCGTGNGG,AGTGAGTATGTGTGTGTGTGGGG
GGTGAGTGAGTGTGTGCGTGNGG,GGAGAGTGAGTGTGTGCATGTGC
GGCACTGCGGCTGGAGGTGGNGG,GGCACTGCAGCCTGGGGGTGGGG
GGCACTGCGGCTGGAGGTGGNGG,GGGCACGCGGCTGGAGGAGGGGG
GAGTCCGAGCAGAAGAAGAAGGG,AAGTCAGAGCAGAAAAAGAGAGG
CTTGCCCCACAGGGCAGTAACGG,TCTGCCCCACATGGCAGTAATGA
CTTGCCCCACAGGGCAGTAACGG,TCAGCCCCACAGGGCAGTAAGGG
CTTGCCCCACAGGGCAGTAACGG,GCTGCCCCACAGGGCAGCAAAGG
CTTGCCCCACAGGGCAGTAACGG,GTGGCCCCACAGGGCAGGAATGG
CTTGCCCCACAGGGCAGTAACGG,TCACCCCCACAGGCCAGTAAAGG
GGTGAGTGAGTGTGTGCGTGTGG,GTGGGTGAGTGTGTGCGTGAGAG
GGTGAGTGAGTGTGTGCGTGTGG,GTGAGTGAGTGTGTGTGTGTGAG
GGTGAGTGAGTGTGTGCGTGTGG,GGTGTGTGAGTGTGTGCATTGGG
GAGTCCGAGCAGAAGAAGAAGGG,AAGTCAGAGGAGAAGAAGAAGGG
GGTGAGTGAGTGTGTGCGTGTGG,TGTGAGTGAGTGAGTGAATGTGG
GGTGAGTGAGTGTGTGCGTGTGG,TGTGTGAGTGAGTGTGTGTGTGG
AAATGAGAAGAAGAGGCACAGGG,AAAAGAGAAGCTGAGGCACAGGG
AAATGAGAAGAAGAGGCACAGGG,AAACGAGAAGAAGAGGCATAGGG
AAATGAGAAGAAGAGGCACAGGG,AAACGAGAAGAAGCTGCACATGG
AAATGAGAAGAAGAGGCACAGGG,AAAGGAGAAGGAGAGGCAGATGG
AAATGAGAAGAAGAGGCACAGGG,AAATCATATGAAGAGGCACAAGG
AAATGAGAAGAAGAGGCACAGGG,AAATGAGAAAAATAGGCAGAGGG
AAATGAGAAGAAGAGGCACAGGG,AAATGAGAACAAGAGGCAGAGGG
AAATGAGAAGAAGAGGCACAGGG,AAATGAGAAGATCAGTCACAAGG
AAATGAGAAGAAGAGGCACAGGG,AAATGAGAAGGAGTGGCAGATGG
AAATGAGAAGAAGAGGCACAGGG,AAATGAGAAGTTGAGGCTCATGG
AAATGAGAAGAAGAGGCACAGGG,AAATGAGAATAAGAGGAACAGGG
AAATGAGAAGAAGAGGCACAGGG,AAATGAGGACAAGAGGCAGAGGG
AAATGAGAAGAAGAGGCACAGGG,AAATGTGAAGAAAAGGCACAGGG
AACACCAGTGAGTAGAGCGGAGG,AAAACCAGTGAGCAGAGTGGAGG
AACACCAGTGAGTAGAGCGGAGG,AAAAGCAGAGAGTAGAGCGGTGG
AACACCAGTGAGTAGAGCGGAGG,AACACCAGCGAGTAGAGCGGAGG
AACACCAGTGAGTAGAGCGGAGG,AACACCAGTGAGAAGAGCTGTGG
AACACCAGTGAGTAGAGCGGAGG,AACTCCAGTGAGGAGAGGGGTGG
AACACCAGTGAGTAGAGCGGAGG,TACTCCAGTGAGTAGAGAGGCGG
AATGACCACTACATCCTCAAGGG,AAGAAGCACTACATCCTCAATGG
AATGACCACTACATCCTCAAGGG,AATGACCACAGCATCCTCAGTGG
AATGACCACTACATCCTCAAGGG,AATGACCACTACACCCAGAAAGG
AATGACCACTACATCCTCAAGGG,AATGACCACTACATTCTCTTGGG
AATGACCACTACATCCTCAAGGG,ATTAACCACTACATTCTCAAAGG
ATGAACACCAGTGAGTAGAGCGG,AAGAACACAAGAGAGTAGAGAGG
ATGAACACCAGTGAGTAGAGCGG,AAGAACAGCAGTGAATAGAGAGG
ATGAACACCAGTGAGTAGAGCGG,AAGGACACCAGTGAGGAGAGTGG
ATGAACACCAGTGAGTAGAGCGG,AGAAACACTAGTGAGTAGAGGGG
ATGAACACCAGTGAGTAGAGCGG,AGGAAAACCAGTGAGAAGAGTGG
ATGAACACCAGTGAGTAGAGCGG,AGGAACACCAGTGGGAAGAGAGG
ATGAACACCAGTGAGTAGAGCGG,ATGAACACCAGCGAGTAGAGCGG
ATGAACACCAGTGAGTAGAGCGG,ATGAACACCAGTGAATAAAATGG
ATGAACACCAGTGAGTAGAGCGG,ATGAACACCAGTGAATACATAGG
ATGAACACCAGTGAGTAGAGCGG,ATGAACCCTAGTGAGAAGAGAGG
ATGAACACCAGTGAGTAGAGCGG,ATGAACTCCAGGGAGAAGAGAGG
ATGAACACCAGTGAGTAGAGCGG,ATGAACTCCTGTGAGTAGAGAGG
CCAGTGAGTAGAGCGGAGGCAGG,ACAGTGAGTAGAGTGGAGTCCGG
CCAGTGAGTAGAGCGGAGGCAGG,CCACTGAGCAGAGAGGAGGCTGG
CCAGTGAGTAGAGCGGAGGCAGG,CCACTGAGTAGAGGGGTGGCGGG
CCAGTGAGTAGAGCGGAGGCAGG,CCAGCGAGTAGAGCGGAGGCAGG
CCAGTGAGTAGAGCGGAGGCAGG,CCAGTGAGCAGAGAGGAAGCTGG
CCAGTGAGTAGAGCGGAGGCAGG,CCAGTGAGGAGAGAGGAGCCAGG
CCAGTGAGTAGAGCGGAGGCAGG,CCAGTGAGGAGAGCGGAGACTGG
CCAGTGAGTAGAGCGGAGGCAGG,CCAGTGAGTAGGGCTGGGGCAGG
CCAGTGAGTAGAGCGGAGGCAGG,CCAGTGAGTGGAGAGGAGACAGG
CCAGTGAGTAGAGCGGAGGCAGG,CCGGTGGGGAGAGCGGAGGCGGG
CCAGTGAGTAGAGCGGAGGCAGG,GCAGAGAGTAGAGCGGTGGCTGG
CCCTGTGTCTCTGGATGGATGGG,CCCTGTGTCTCTGGGTGGAAGAG
CCTGCCTCCGCTCTACTCACTGG,CCAGTCTCCGCTCTCCTCACTGG
CCTGCCTCCGCTCTACTCACTGG,CCTGCCACAGCTCTACTCGCAGG
CCTGCCTCCGCTCTACTCACTGG,CCTGCCCTCACTCTACTCACAGG
CCTGCCTCCGCTCTACTCACTGG,CCTGCCTCCGCGCTGCTCTCGGG
CCTGCCTCCGCTCTACTCACTGG,CCTGCCTCCGCTCTACTCGCTGG
CCTGCCTCCGCTCTACTCACTGG,CCTGCCTCCTCACTCCTCACAGG
CCTGCCTCCGCTCTACTCACTGG,CCTGCCTCCTCTCTATTCTCCGG
CCTGCCTCCGCTCTACTCACTGG,CCTGCCTCCTGTCTACTCTCAGG
CCTGCCTCCGCTCTACTCACTGG,CCTGCCTCTGCTCTCCTCCCAGG
CCTGCCTCCGCTCTACTCACTGG,CCTGGCTCCTCTCTCCTCACTGG
CCTGCCTCCGCTCTACTCACTGG,CCTGTCTCCTCTCCACTCACTGG
GAATCCTAAAAACTCTGCTTCGG,AAATCCTAAAGACTTTGCTTGGG
GAATCCTAAAAACTCTGCTTCGG,GAAACCTAAAAACACTACTTGGG
GAATCCTAAAAACTCTGCTTCGG,GAACCCTCAAAACTCTGTTTGGG
GAATCCTAAAAACTCTGCTTCGG,GAATCCCCAAAACTCTTCTTTGG
GAATCCTAAAAACTCTGCTTCGG,GAATCCTAAAATTTCTGCTTTGG
GAATCCTAAAAACTCTGCTTCGG,GAATCCTAAATACTCTCCTTCGG
GAATCCTAAAAACTCTGCTTCGG,GAATCCTCAATATTCTGCTTAGG
GAATCCTAAAAACTCTGCTTCGG,GAATCCTGAAAACCCTGCTTCGG
GAATCCTAAAAACTCTGCTTCGG,GAATTCTAAAAAGGCTGCTTTGG
GAATCCTAAAAACTCTGCTTCGG,GATTCCTAAAACTTCTGCTTGGG
GAATCCTAAAAACTCTGCTTCGG,GATTTATAAAAACTCTGCTTAGG
GAATCCTAAAAACTCTGCTTCGG,GCATCTTAAACACTCTGCTTGGG
GAATCCTAAAAACTCTGCTTCGG,TAATCCTAAAAGCTCTGTTTTGG
GACACCGAAGCAGAGTTTTTAGG,CACACCGAAGCTGGGTTTTTAGG
GACACCGAAGCAGAGTTTTTAGG,GAAACAGAAGCAGAGTGTTTAGG
GACACCGAAGCAGAGTTTTTAGG,GACAACAAAGTAGAGTTTTTAGG
GACACCGAAGCAGAGTTTTTAGG,GACAATAAAGCAGAGTTTTTTGG
GACACCGAAGCAGAGTTTTTAGG,GACACCGAAGCAGGGTTTTCAGG
GACACCGAAGCAGAGTTTTTAGG,GACACTGAAGCAGTGATTTTAGG
GACACCGAAGCAGAGTTTTTAGG,GAGACAGAAGGAGAGTTTTTAGG
GACACCGAAGCAGAGTTTTTAGG,GATACTGAAGCAGAGATTTTGGG
GACACCGAAGCAGAGTTTTTAGG,GTCAACGAAGCAGAGTTGTTGGG
GACATCGATGTCCTCCCCATTGG,CACATAGGTGTCCTCCCCATAGG
GACATCGATGTCCTCCCCATTGG,GAAATCAAGGTCCTCCCCATAGG
GACATCGATGTCCTCCCCATTGG,GACACCGATGTCATCTCCATCAG
GACATCGATGTCCTCCCCATTGG,GACATCGATAGCCTCCCCACTGG
GACATCGATGTCCTCCCCATTGG,GACATGAATGACCTCCCCATCAG
GCCTCCCCAAAGCCTGGCCAGGG,ACCAACCCAGAGCCTGGCCAGGG
GCCTCCCCAAAGCCTGGCCAGGG,ACCTCCCCATAGCCTGGCCAGGG
GCCTCCCCAAAGCCTGGCCAGGG,GACCCCTCAAAGCCTGGCCAGAG
GCCTCCCCAAAGCCTGGCCAGGG,GCCTGCCGAAGGCCTGGCCAGGG
GCCTCCCCAAAGCCTGGCCAGGG,GCGTGCCCAGAGCCTGGCCACAG
GCCTCCCCAAAGCCTGGCCAGGG,GCTGCCCGAGAGCCTGGCCATGG
GCCTCCCCAAAGCCTGGCCAGGG,GGCCGCCCAGAGCCTGGCCAGAG
GCCTCCCCAAAGCCTGGCCAGGG,TCCTCCCCACAGCCTGGCCAGGG
GCCTCCCCAAAGCCTGGCCAGGG,TCCTTCCCAAAGCCTGGCCAGGG
GCCTCCCCAAAGCCTGGCCAGGG,TTCTCCCCAAAGCCTGGCCACAG
GCCTCCCCAAAGCCTGGCCAGGG,TTCTCTCCAAAGCCTGGCCAGAG
GCGCCACCGGTTGATGTGATGGG,GGGCCATGGGTTGATGTGATGAG
GGCCAGGCTTTGGGGAGGCCTGG,AGACAGGCTCTGGGGAGGCCTGG
GGCCAGGCTTTGGGGAGGCCTGG,AGGTGGGCTTTGGGGAGGCCGGG
GGCCAGGCTTTGGGGAGGCCTGG,CGCCAGGCTCAGGGGAGGCCCGG
GGCCAGGCTTTGGGGAGGCCTGG,GGCCTGGCTTTGGGCAGGCCCAG
GGCCAGGCTTTGGGGAGGCCTGG,GGCTGGGGTTTGGGGAGGCCCAG
GGCCAGGCTTTGGGGAGGCCTGG,GGTCAGGCTCCGGGGAGGCCGAG
GGCCAGGCTTTGGGGAGGCCTGG,GTTGAGGTTTTGGGGAGGCCCGG
GGCCAGGCTTTGGGGAGGCCTGG,TGCCAGGCTCTGGGGAGGCCAAG
GGTCCTGCCGCTGCTTGTCATGG,CGTCCTGCCACTGCATGTCATGG
GGTCCTGCCGCTGCTTGTCATGG,GATCCTGCCGTTGCCTGTCATGG
GGTCCTGCCGCTGCTTGTCATGG,GGCCCTGCCGCTGCATGACATGG
GGTCCTGCCGCTGCTTGTCATGG,GGGCCTGCTGCTGCTGGTCAAGG
GGTCCTGCCGCTGCTTGTCATGG,GGTCCTCCCGCTGCTTCTCCGGG
GGTCCTGCCGCTGCTTGTCATGG,GGTCCTGCCGCTGCTCATCATGG
GGTCCTGCCGCTGCTTGTCATGG,GGTCCTGCTGCAGCTTCTCATGG
GGTCCTGCCGCTGCTTGTCATGG,GGTCCTGCTGCTGCTTGTCTGGG
GGTCCTGCCGCTGCTTGTCATGG,GGTCCTGGCGCTGCTTCTCCAGG
GGTCCTGCCGCTGCTTGTCATGG,GGTCCTGTCGCTGCTTGCCATGG
GGTCCTGCCGCTGCTTGTCATGG,GGTGCTGATGCTGCTTGTCAGGG
GGTCCTGCCGCTGCTTGTCATGG,GGTGCTGCTGCTGCTAGTCAGGG
GGTCCTGCCGCTGCTTGTCATGG,GTTCCTGCTGCTGCTTCTCAAGG
GTCACCTCCAATGACTAGGGTGG,GCTACCTCCAGTGACTAGGGAAG
GTCACCTCCAATGACTAGGGTGG,GTCAACTCCAATGATTAGGACAG
GTCACCTCCAATGACTAGGGTGG,GTCAACTCCAATGGCTTGGGAGG
GTCACCTCCAATGACTAGGGTGG,GTCACCTCCACTTCCTAGGGCAG
GTCACCTCCAATGACTAGGGTGG,GTCACCTCCAGGGTCTAGGGCAG
GTCACCTCCAATGACTAGGGTGG,GTCACCTTAAATGACTTGGGAAG
GTCACCTCCAATGACTAGGGTGG,GTCACTTCCAAGGACTAGAGAAG
GTCACCTCCAATGACTAGGGTGG,TTCACCTCCAAAAACTAGGGAAG
TGACATCAATTATTATACATCGG,TCACATCAATTATTATAGCTTGG
TGACATCAATTATTATACATCGG,TGAAATCAATTATCATAGATCGG
TGACATCAATTATTATACATCGG,TGAAATCAATTTTTATACTTGGG
TGACATCAATTATTATACATCGG,TGAAATGAATTATTAAACATTGG
TGACATCAATTATTATACATCGG,TGACATAAATTATTCTACATGGG
TGACATCAATTATTATACATCGG,TGACATAAATTATTTTACTTAGG
TGACATCAATTATTATACATCGG,TGACATCAAATATTACACAATGG
TGACATCAATTATTATACATCGG,TGACATCAATTAATTTTCATTGG
TGACATCAATTATTATACATCGG,TGACATCACTTATTATGCATGGG
TGACATCAATTATTATACATCGG,TGACTTCAATGATTATACAGTGG
TGACATCAATTATTATACATCGG,TGACTTCACTTATGATACATGGG
TGACATCAATTATTATACATCGG,TGTCACCAATTATTACACATTGG
TGACATCAATTATTATACATCGG,TTACATCAATTATGATACAGTGG
TGGATGGAGGAATGAGGAGTTGG,ACGATGGAGGAATGAGGACTTGG
TGGATGGAGGAATGAGGAGTTGG,AGGAGGGAGGAATGGGGAGTTGG
TGGATGGAGGAATGAGGAGTTGG,CGGACGGAGGAATGGGGAGTGGG
TGGATGGAGGAATGAGGAGTTGG,GAGGATGGGGAATGAGGAGTAGG
TGGATGGAGGAATGAGGAGTTGG,GCGATGGAGGAATGAAGAGTTGG
TGGATGGAGGAATGAGGAGTTGG,GGGAGGGAGGAATGAGGAGTGGG
TGGATGGAGGAATGAGGAGTTGG,GGGATGGAGGGATGAGGAGTGGG
TGGATGGAGGAATGAGGAGTTGG,TAGATGAAGGAATGAGGAGAAGG
TGGATGGAGGAATGAGGAGTTGG,TCCATGGAGGAATGAGGAGAGGG
TGGATGGAGGAATGAGGAGTTGG,TCTCAGGAGGAATGAGGAGTTGG
TGGATGGAGGAATGAGGAGTTGG,TGGATGGAAGAATGAGGGGTGGG
TGGATGGAGGAATGAGGAGTTGG,TGGATGGAGGGATGAGGAGTGGG
GAGTCCGAGCAGAAGAAGAAGGG,AAGTCCGAGAAGAAGCAGAAAAG
GAGTCCGAGCAGAAGAAGAAGGG,AAGTCTGAGCAGAAGAAGCACAG
GAGTCCGAGCAGAAGAAGAAGGG,GACTCCTAGCAAAAGAAGAATGG
GAGTCCGAGCAGAAGAAGAAGGG,GAGAGCAAGCAGAAGAAGAAAAG
GAGTCCGAGCAGAAGAAGAAGGG,GAGGCCCAGCAGAGGAAGAAGAG
GAGTCCGAGCAGAAGAAGAAGGG,GAGTACTAGAAGAAGAAGAAAAG
GAGTCCGAGCAGAAGAAGAAGGG,GAGTAGGAGGAGAAGAAGAAAGG
GAGTCCGAGCAGAAGAAGAAGGG,GAGTCAGAACAGAAGAACAACAG
GAGTCCGAGCAGAAGAAGAAGGG,GAGTCAGACCAGGAGAAGAAGAG
GAGTCCGAGCAGAAGAAGAAGGG,GAGTCAGAGCAGAACTAGAAGGG
GAGTCCGAGCAGAAGAAGAAGGG,GAGTCCAAGAAGAATAAGAATAG
GAGTCCGAGCAGAAGAAGAAGGG,GAGTCCAAGCAGAGGAAGGATAG
GAGTCCGAGCAGAAGAAGAAGGG,GAGTCCCAGAAGAAGAAAAAAAG
GAGTCCGAGCAGAAGAAGAAGGG,GAGTCCCAGCAGAGGAAGCAGAG
GAGTCCGAGCAGAAGAAGAAGGG,GAGTCCCAGGAGAAGAAAAACAG
GAGTCCGAGCAGAAGAAGAAGGG,GAGTCCGAGAAAATGAAGAAGAG
GAGTCCGAGCAGAAGAAGAAGGG,GAGTCTGAACGGAAGAAGAAAAG
GAGTCCGAGCAGAAGAAGAAGGG,GAGTCTGGGCAGGAGAAGAAGAG
GAGTCCGAGCAGAAGAAGAAGGG,GAGTTCCAGAAGAAGAAGAAGAG
GAGTCCGAGCAGAAGAAGAAGGG,GATTCCTACCAGAAGAAGAATGG
